/*
SQLyog Ultimate v12.09 (64 bit)
MySQL - 8.0.12 : Database - tieba_db
*********************************************************************
*/

/*!40101 SET NAMES utf8 */;

/*!40101 SET SQL_MODE=''*/;

/*!40014 SET @OLD_UNIQUE_CHECKS=@@UNIQUE_CHECKS, UNIQUE_CHECKS=0 */;
/*!40014 SET @OLD_FOREIGN_KEY_CHECKS=@@FOREIGN_KEY_CHECKS, FOREIGN_KEY_CHECKS=0 */;
/*!40101 SET @OLD_SQL_MODE=@@SQL_MODE, SQL_MODE='NO_AUTO_VALUE_ON_ZERO' */;
/*!40111 SET @OLD_SQL_NOTES=@@SQL_NOTES, SQL_NOTES=0 */;
CREATE DATABASE /*!32312 IF NOT EXISTS*/`tieba_db` /*!40100 DEFAULT CHARACTER SET utf8mb4 COLLATE utf8mb4_0900_ai_ci */;

USE `tieba_db`;

/*Table structure for table `category` */

DROP TABLE IF EXISTS `category`;

CREATE TABLE `category` (
  `id` int(11) NOT NULL AUTO_INCREMENT,
  `name` varchar(100) NOT NULL,
  `createAt` timestamp NOT NULL DEFAULT CURRENT_TIMESTAMP,
  `updateAt` timestamp NOT NULL DEFAULT CURRENT_TIMESTAMP ON UPDATE CURRENT_TIMESTAMP,
  PRIMARY KEY (`id`),
  UNIQUE KEY `name` (`name`)
) ENGINE=InnoDB AUTO_INCREMENT=14 DEFAULT CHARSET=utf8mb4 COLLATE=utf8mb4_0900_ai_ci;

/*Data for the table `category` */

insert  into `category`(`id`,`name`,`createAt`,`updateAt`) values (3,'生活','2021-12-01 20:09:42','2021-12-01 21:52:32'),(4,'程序','2021-12-01 20:09:53','2021-12-01 21:52:29'),(5,'网络','2021-12-01 20:10:00','2021-12-01 21:52:26'),(6,'工作','2021-12-01 20:10:09','2021-12-01 21:52:24'),(7,'健康','2021-12-01 20:10:18','2021-12-01 21:52:19'),(8,'学习','2021-12-01 20:10:22','2021-12-01 21:52:17'),(9,'游戏','2021-12-01 20:10:33','2021-12-01 21:52:16'),(10,'服务','2021-12-01 20:12:25','2021-12-01 21:52:14'),(11,'社会','2021-12-01 20:12:43','2021-12-01 21:52:11'),(12,'单位','2021-12-01 20:14:39','2021-12-01 21:52:09'),(13,'其他','2021-12-01 20:14:54','2021-12-01 21:52:07');

/*Table structure for table `comment` */

DROP TABLE IF EXISTS `comment`;

CREATE TABLE `comment` (
  `id` int(11) NOT NULL AUTO_INCREMENT,
  `content` text,
  `user_id` int(11) NOT NULL,
  `post_id` int(11) DEFAULT NULL,
  `comment_id` int(11) DEFAULT NULL,
  `comment_reply_id` int(11) DEFAULT NULL,
  `createAt` timestamp NOT NULL DEFAULT CURRENT_TIMESTAMP,
  `updateAt` timestamp NOT NULL DEFAULT CURRENT_TIMESTAMP ON UPDATE CURRENT_TIMESTAMP,
  PRIMARY KEY (`id`),
  KEY `user_id` (`user_id`),
  KEY `post_id` (`post_id`),
  KEY `comment_id` (`comment_id`),
  KEY `comment_reply_id` (`comment_reply_id`),
  CONSTRAINT `comment_ibfk_1` FOREIGN KEY (`user_id`) REFERENCES `user` (`id`) ON DELETE CASCADE ON UPDATE CASCADE,
  CONSTRAINT `comment_ibfk_2` FOREIGN KEY (`post_id`) REFERENCES `post` (`id`) ON DELETE CASCADE ON UPDATE CASCADE,
  CONSTRAINT `comment_ibfk_3` FOREIGN KEY (`comment_id`) REFERENCES `comment` (`id`) ON DELETE CASCADE ON UPDATE CASCADE,
  CONSTRAINT `comment_ibfk_4` FOREIGN KEY (`comment_reply_id`) REFERENCES `comment` (`id`) ON DELETE CASCADE ON UPDATE CASCADE
) ENGINE=InnoDB AUTO_INCREMENT=221 DEFAULT CHARSET=utf8mb4 COLLATE=utf8mb4_0900_ai_ci;

/*Data for the table `comment` */

insert  into `comment`(`id`,`content`,`user_id`,`post_id`,`comment_id`,`comment_reply_id`,`createAt`,`updateAt`) values (1,'JSP\nJSP在实际开发中，主要是作为MVC模型中的V（View）层出现的。当然，View层的渲染技术除了JSP，还有FreeMaker、Velocity等。\nJSP作为页面模板，在后端通过MVC框架渲染成HMTL，然后再发送到客户端（例如浏览器）来呈现。这也就是我们常说的“前后端不分离”，“混合式”开发。\n而当前，包括我所在的公司，以及大部分互联网公司。要么已经抛弃这种模式，要么正在抛弃的路上，而转向彻底的“前后端分离”。\n在“前后端分离”模式下，后端只负责提供服务接口（例如REST），而前端（例如HTML5）通过接口发送/获取，呈现数据（例如JSON格式）。\n这样，在后端，原来的MVC框架，某种意义上已经演变为MC框架。因此，与V（View）相关的一切模板技术都失去了学习的必要，其中当然也包括JSP。所以，后来的Java学习者，我的建议是：\n完全可以放弃对JSP的学习！！！！！\n',33,42,NULL,NULL,'2021-12-12 20:38:00','2021-12-12 20:38:00'),(2,'Struts\n在Java后端开发中，MVC模型还是主流。而Struts作为一个MVC框架，单从技术上来说，还是很优秀的。\n但是，现在Spring实在是太强势了，越来越成为Java开发中的“一站式”工具包，其中的一个利器就是Spring MVC。\n望名知意，Spring MVC也是一个MVC框架。而且因为它是Spring的亲儿子，自然和Spring契合的非常完美。\n同时，在设计之初，Spring MVC就参照了其他MVC框架的优缺点（包括Struts），所以用起来非常爽。因此，在MVC框架领域，Spring MVC大有一统天下的趋势。\n因此现在，很多公司，老的Struts项目还在维护。但新的项目开发，更多转向了Spring MVC。因此，如果你是Java新手，正在学习中，我的建议是:\n“不要再学习Struts了，从Spring MVC开始吧！”\n',33,42,NULL,NULL,'2021-12-12 20:38:29','2021-12-12 20:38:29'),(3,'Hibernate\nHibernate作为老牌的OR映射框架，功能非常强大，涵盖面非常广。但这既是它的优点，同时也成为它的“负担”，是开发人员“不能承受之重”。\nHibernate的设计初衷，是为了最大程度的解放程序员，完全隔离数据库，实现彻底的OR映射。程序员甚至可以不写一行SQL语句，单通过配置就能实现对数据库的操作。\n当然，为了实现这个目标，Hibernate也设计的非常复杂、非常精巧。就不可避免的带来以下副作用：\n1、学习成本高\n2、配置复杂\n3、调优困难\n前两点不难理解，单说“调优困难”。\n因为Hibernate的设计目标是彻底的OR映射，彻底的隔离SQL语句。但必然会带来一定的性能损失。大部分情况下，应用如果对性能不敏感，Hibernate也没问题。但应用一旦对性能敏感，有SQL级别调优的需求，Hibernate的优点反而成为缺点。\n虽然Hibernate也支持SQL级别的调优，但因为框架设计的过于复杂和精巧，这就需要开发人员对Hibernate理解的非常透彻，这就带来了更高的学习成本。\n而现在最流行的MyBatis，作为一个“混合式”，轻量级OR映射框架，既继承了Hibernate的优点，同时也吸取了他的教训。在支持配置的同时，又能接触SQL，从而带来了更多灵活性（包括调试、优化）。\n当前，在实际开发中，Hibernate使用的越来越少了。大家更偏爱MyBatis这种轻量级框架。所以，对后来学习者，我的建议是：\n“不需要再学习Hibernate了，学MyBatis就够了。”\n',33,42,NULL,NULL,'2021-12-12 20:39:55','2021-12-12 20:39:55'),(4,'大家如果想有一群志同道合得开发朋友欢迎找我，并且想共同进步，共同交流，共同提升！\n绝对不是培训！\n绝对不是广告！\n没有得话就别加了！！！\n',33,42,NULL,NULL,'2021-12-12 20:40:47','2021-12-12 20:40:47'),(5,'Servlet（要精通）\n当然，现在不会有任何公司，再用纯粹的Servlet来时实现整个Web应用，而是转向一些更高级的技术（例如各种MVC框架）。因此，会给人一种错觉：Servlet已经过时，后来者就不需要再学习了。\n在这里，我可以非常负责任的说：这种观点是极端错误，极端不负责任的。\nServlet不仅要学，而且要学深，学透。\n当前，Servlet虽然不再是一个主流web开发技术，但依然是Java Web开发技术的基础，是Java Web容器的基石，是行业标准。而现在流行的各种MVC框架（包括SpringMVC），在最底层，还是以 Servlet为基础的。\n为此，我画了一个简单的图（不准确，会意即可）：【图片】【图片】所以，如果你想要彻底掌握某个MVC框架，则必须彻底理解Servlet。\n而且，Servlet作为一个基础设施。精通它，不仅有助于理解各种MVC框架。即使Servlet本身，也有很多实用价值。\n如果你深刻理解了Servlet的生命周期，就可以在底层做很多事情。譬如在Request进来的时候，进行拦截，进行权限的判定。也可以在Response发出的时候，进行拦截，统一检查、统一附加。\n所以，如果你正在学习Java，对Servlet，我的建议是：\n“Servlet不仅要学，而且要学深，学透。”\n',33,42,NULL,NULL,'2021-12-12 20:42:01','2021-12-12 20:42:01'),(6,'楼主讲得很好！',37,42,NULL,NULL,'2021-12-12 20:47:56','2021-12-12 20:47:56'),(7,'！！！',37,42,NULL,NULL,'2021-12-12 20:48:58','2021-12-12 20:48:58'),(8,'其他\n目前在国内，Java更多是作为web后端技术出现的。因此在实际学习中，很多技术就不符合“国情”，学习的现实意义不大。下面我就简单列举下。\n1.Applet\n作为页面插件技术，不用多说，连flash都快被淘汰了，更无论从未流行的applet。\n2.Swing\n作为桌面UI框架。且不说本身设计的咋样。现实开发中，我接触的桌面应用，要么用C++（例如MFC），要么用C#（Winform、WPF）。所以，Swing就没有学习的必要了。\n3.JDBC\n作为较低层的数据库基础设施，JDBC被很多框架（例如MyBatis）支持。但在实际开发中，程序员即使不了解也无大碍。因此，虽然我不能建议你放弃JDBC学习，但如果你时间有限，完全可以把它的优先级排低一点。\n4.XML\nXML现在还在广泛应用。但作为一个web数据传输格式，正在逐渐被JSON替代。所以，对Java后端学习来说，XML简单了解即可。至于庞杂的XML操作API（例如XPath），完全不必学习。将来真要用到，再查也不迟。\n',33,42,NULL,NULL,'2021-12-12 20:54:15','2021-12-12 20:54:15'),(9,'欢迎━(*｀∀´*)ノ亻!',16,6,NULL,NULL,'2021-12-12 20:58:30','2021-12-12 20:58:30'),(10,'1、《 JavaScript DOM 编程艺术》\n这本书作为被大家推荐的最多的前端入门书籍是有道理的。\n他能真正让大家了解dom脚本编程，或是说前端编程技术背后的思路和原则。\n对于初学者来说，这本书没有任何门槛，按部就班跟着书籍实例编写代码即可。\n我们会知晓如何对浏览器元素操作和掌控，会学会如何实现简单的页面效果。\n这种简单易得的成就感是一个编程语言入门时最难能可贵的体验。\n阅读建议：\n这本书虽然简单，但是能让人快速对前端产生兴趣和成就感。\n不过后续学习jquery的时候可能会产生挫败感。原生js dom操作的成就感会被jquery便捷的API所彻底打败。所以一定要恰当的调整心态，转换思维方式，正确认识到jquery和原生js分别的优劣之处。\n在熟练使用jquery后还能想起来翻看这本书，找到之前未曾发现的闪光点，就是入门成功了。\n',18,44,NULL,NULL,'2021-12-12 21:05:48','2021-12-12 21:05:48'),(11,'我就是经常看的这本书',18,44,10,10,'2021-12-12 21:06:35','2021-12-12 21:06:35'),(12,'2、《JavsScript高级程序设计（第三版）》\n无论何时，这都是学习js最好的书。\n如果说其他的书都是在合适的阶段会有不一般的体验。\n这本书就是无论什么阶段，都够你感悟一番的。\n当你看完了市场上js相关（不包括框架类库的最佳实践类）的所有书籍。你再回去看这本书，也会发现其实95%的内容早就写在这本书里了，只不过你当时等级不够，根本没有意识到。\n这本书排版舒服，翻译得体，内容丰富，语言流畅。涵盖了js语法（面向对象，闭包作用域等），js使用（dom，bom，html5API），编程实践（高阶函数，编码规范）等程序员使用javascript时会遇到的大部分问题。\n（今天在上海面试了一天。大部分很顺利，只是有几个比较偏的问题没回答好。晚上回去之后一翻高程三，果然在里面都写得明明白白的。不得不服。）\n阅读建议：\n人们喜欢把他和犀牛书拿一起推荐，不过就我看来，他们完全不是一个可读性上的。\n一个是课本一个是字典。而且还是佶屈聱牙的字典。\n所以无论何时我都会把高程三排在js推荐书籍的第一位。\n',27,44,NULL,NULL,'2021-12-12 21:07:45','2021-12-12 21:07:45'),(13,'挺好的',27,44,10,10,'2021-12-12 21:08:12','2021-12-12 21:08:12'),(14,'3、《锋利的jQuery》\n这本书如果紧接着dom编程看，会如我我说的那样瞬间摧毁你的小小的成就感。\n因为这本工具书级别的书简单暴力到不给你思考什么“平稳退化”，“js动画计时器”这些dom编程中提及的问题，就直接就甩出一大片简单有效的jqueryAPI颠覆你的世界观。\n这本书是如此的易懂以至于看完之后瞬间就觉得自己能把web玩出一片花来了。\n作为工具书级别的书，或是说学习jqueryAPI的书，这是首选。\n阅读建议：\n熟悉jquery是每个前端必须要会的事。\n只是不要被Jquery的便捷迷惑，而抛离原生js，把原生js贬得一文不值，否则后面会付出昂贵的代价。\n',26,44,NULL,NULL,'2021-12-12 21:09:15','2021-12-12 21:09:15'),(15,'《JavaScript设计模式与开发实践》\n我认为腾讯AlloyTeam的这本书对我帮助媲美高程三。\n那时候我恰好换公司，从原来的开发方式切换成另一种完全不同的开发方式，让我很不适应。\n这本书及时的蹦出来，他拿实际的应用场景举例，告诉你不同js项目里如何共通设计模式，还极其详细的介绍了函数的高级用法，能让你对js高阶函数的认知上升一个台阶。\n难能可贵的是他还拿java作为静态语言的类比。从语言统一高度来给你分析这些问题。\n和上本介绍数据结构的书一样，这本书有的放矢，能完美的解决对js设计模式有疑问的同学的实际问题。\n他比上本书更深刻，更易读，也更贴近实践。\n阅读建议：\n这是本适合反复阅读的书籍。\n如果你的思路能根据应用场景自动切换到最适合的设计模式，说明你已吃透这本书了。\n',26,44,14,14,'2021-12-12 21:10:11','2021-12-12 21:10:11'),(16,'《你不知道的JavaScript（YOU DONT KNOW JAVASCRIPT）》\n大名鼎鼎的Github开源的书籍。\n为了他的名气我也得买一本实体书来拜读下。\n这本是上卷，只涉及作用域和闭包，this和对象原型两部分。\n不过其深入程度是其他js书籍难以企及的。\n可以说，这已经是大部分前端程序员对js语法可以深入了解的最底层了，再往下就直面编译原理了。\n阅读建议：\n用于提升自己的js语法的理解等级。\n对于进入工作第二年的想深入理解js语法的同学来说特别有效。\n',26,44,NULL,NULL,'2021-12-12 21:10:26','2021-12-12 21:10:26'),(17,'文章是搬运的',26,44,NULL,NULL,'2021-12-12 21:10:49','2021-12-12 21:10:49'),(18,'谢谢',25,44,14,15,'2021-12-12 21:11:57','2021-12-12 21:11:57'),(19,'有其他的好书吧友们多推荐推荐啊！\n或者这些书的观后感也可以讨论讨论\n',25,44,NULL,NULL,'2021-12-12 21:12:18','2021-12-12 21:12:18'),(20,'大家觉得javaScript这门语言到底怎么样呢？',35,45,NULL,NULL,'2021-12-12 21:32:06','2021-12-12 21:32:06'),(21,'awesome',22,45,NULL,NULL,'2021-12-12 21:32:56','2021-12-12 21:32:56'),(22,'说得对',22,43,NULL,NULL,'2021-12-12 21:33:41','2021-12-12 21:33:41'),(23,'哈哈哈',22,44,10,13,'2021-12-12 21:34:09','2021-12-12 21:34:09'),(24,'PHP是最牛B的语言，javascript不好！',58,45,NULL,NULL,'2021-12-12 21:35:39','2021-12-12 21:35:39'),(25,'随便写 重构时重写',59,45,NULL,NULL,'2021-12-12 21:36:49','2021-12-12 21:36:49'),(26,'。。。',75,45,NULL,NULL,'2021-12-12 21:38:10','2021-12-12 21:38:10'),(27,'胡说',35,45,24,24,'2021-12-12 21:38:58','2021-12-12 21:38:58'),(28,'javascript才是最好的语言',35,45,24,24,'2021-12-12 21:39:27','2021-12-12 21:39:27'),(29,'......',35,45,26,26,'2021-12-12 21:39:37','2021-12-12 21:39:37'),(30,'求解答',66,46,NULL,NULL,'2021-12-12 21:42:18','2021-12-12 21:42:18'),(31,'这个不会',79,47,NULL,NULL,'2021-12-12 21:55:26','2021-12-12 21:55:26'),(32,'我的方式，分享给你，如果有问题可以再交流\ncss样式：\n span { \n background-color: black; \n }\n .spanBlack { \n background-color: black; \n }\n .spanWhite { \n background-color: white; \n } \njs代码：\nlet btn = document.createElement(\"button\"); //创建按钮 \nbtn.innerText = \"我是按钮\"; //按钮的名称按照自己的需求设定 \nbtn.style.height = 30+\"px\"; \nbtn.style.width = 80+\"px\";\ndocument.querySelector(\"body\").appendChild(btn); //将按钮元素添加到body中 \nlet spans = document.querySelectorAll(\"span\"); //获取span元素\n \n// 监听点击事件的方法 \nlet flag = false; \nbtn.addEventListener(\"click\", () => { //监听按钮的点击事件 \nflag = !flag; \n// 这里spans是一个类数组，无法直接使用forEach数组方法，需要先转化成数组再使用 Array.from(spans).forEach(spanNode => { \n if (flag) { \n spanNode.className = \"spanWhite\"; \n } else { \n spanNode.className = \"spanBlack\"; \n } \n });\n , false);\n',31,47,NULL,NULL,'2021-12-12 21:58:25','2021-12-12 21:58:25'),(33,'按照你这个页面这样写的话，底下加个按钮：\n点击我\n点击事件：\nfunction handleClick(){\n// 先拿到span\nconst spanNode = document.getElementsByTagName(\"span\");\n// 拿一下span的背景颜色，使用?.是因为spanNode有可能是空数组\nconst backgroundColor = spanNode[0]?.style?.backgroundColor ;\n// 修改style\nspanNode.forEach(node=>{\nnode.style.backgroundColor = (backgroundColor === \"#ffffff\") ? \"# 000000\" : \"#ffffff\";\n})\n}\n',32,47,NULL,NULL,'2021-12-12 21:59:43','2021-12-12 21:59:43'),(34,'可以联系我，我知道',46,47,NULL,NULL,'2021-12-12 22:01:38','2021-12-12 22:01:38'),(35,'支持',46,2,NULL,NULL,'2021-12-12 22:02:15','2021-12-12 22:02:15'),(36,'大家进来看看',73,48,NULL,NULL,'2021-12-12 22:05:18','2021-12-12 22:05:18'),(37,'关于BOM的操作，这些都是主流浏览器支持的。',81,49,NULL,NULL,'2021-12-12 22:10:35','2021-12-12 22:10:35'),(38,'关于DOM的操作',81,49,NULL,NULL,'2021-12-12 22:10:51','2021-12-12 22:10:51'),(39,'很好很强大',89,49,NULL,NULL,'2021-12-12 22:11:46','2021-12-12 22:11:46'),(40,'嗯',89,49,37,37,'2021-12-12 22:11:56','2021-12-12 22:11:56'),(41,'可以帮我解决问题吗。。',85,49,NULL,NULL,'2021-12-12 22:12:55','2021-12-12 22:12:55'),(42,'asp.net ajax对javascript对象的扩展',81,49,NULL,NULL,'2021-12-12 22:14:20','2021-12-12 22:14:20'),(43,'在asp.net ajax框架中，命名空间、类、继承、接口、枚举的实现方法：[注意]把**防删符**替换为函数的英文。------------------------------//声明命名空间Type.registerNamespace(\"Test\");//Animal类的字段Test.Animal = **防删符**(name) {　　this._name = name;}//Animal类的方法Test.Animal.prototype = {　　get_Name: **防删符**() {　　　　return this._name;　　},　　set_Name: **防删符**() {　　　　return this._name;　　},　　eat: **防删符**() {　　　　Sys.Debug.trace(\"Animal eats.\");　　}}//注册Test.Animal类Test.Animal.registerClass(\"Test.Animal\");//声明子类FishTest.Fish = **防删符**(name) {　　//初始化父类　　Test.Fish.initializeBase(this, [name]);}Test.Fish.prototype = {　　eat: **防删符**() {　　　　Sys.Debug.trace(\"Fish eat\");　　}}//注册Test.Fish类Test.Fish.registerClass(\"Test.Fish\", Test.Animal);//声明接口InterfaceTest.IRunnable = **防删符**() { }Test.IRunnable.prototype = {　　run: **防删符**() { }}Test.IRunnable.registerInterface(\"Test.IRunnable\");//Dog类实现了Test.IRunnable接口Test.Dog = **防删符**(name) {　　Test.Dog.initializeBase(this, [name]);}Test.Dog.prototype = {　　eat: **防删符**() {　　　　Sys.Debug.trace(\"Dog eats.\");　　},　　run: **防删符**() {　　　　Sys.Debug.trace(\"Dog running.\");　　}}Test.Dog.registerClass(\"Test.Dog\", Test.Animal, Test.IRunnable);//声明一个枚举Test.Position = **防删符**() { };Test.Position.prototype = {　　Center:0,　　Top: 1,　　Bottom: 2,　　Left: 3,　　Right:4}Test.Position.registerEnum(\"Test.Position\");\n',81,49,NULL,NULL,'2021-12-12 22:15:40','2021-12-12 22:15:40'),(44,'正则表达式',81,49,NULL,NULL,'2021-12-12 22:16:03','2021-12-12 22:16:03'),(45,'好东西顶起',88,49,NULL,NULL,'2021-12-12 22:16:51','2021-12-12 22:16:51'),(46,'非常感谢楼主',88,49,43,43,'2021-12-12 22:17:19','2021-12-12 22:17:19'),(47,'toSource()方法 \ntoString()方法 \nvalueOf()方法 \nconstructor属性 \nprototype属性 \nMath 对象 \nMath 对象参考 \nabs()方法 \nacos()方法 \nasin()方法 \natan()和atan2()方法 \nceil()方法 \ncos()方法 \nexp()方法 \nfloor()方法 \nlog()方法 \nmax()方法 \nmin()方法 \npow()方法 \nrandom()方法 \nround()方法 \nsin()方法 \nsqrt()方法 \ntan()方法 \ntoSource()方法 \nvalueOf()方法 \nconstructor属性 \nprototype属性 \nHTML DOM \nDOM Anchor \naccessKey 属性 \ncharset属性 \ncoords属性 \nhref 属性 \nhreflang属性 \nid属性 \ninnerHTML 属性 \nname属性 \nrel属性 \nrev属性 \nshape属性 \ntabIndex属性 \ntarget 属性 \ntype属性 \nclassName属性 \ndir属性 \nlang属性 \ntitle属性 \nblur() 方法 \nfocus() 方法 \nDOM Applet \nDOM Area \n[area]accessKey属性 \n[area]alt属性 \n[area]coords属性 \n[area]hash属性 \n[area]host属性 \n[area]href属性 \n[area]id属性 \n[area]noHref属性 \n[area]pathname属性 \n[area]protocol属性 \n[area]search属性 \n[area]shape属性 \n[area]tabIndex属性 \n[area]target属性 \n[area]className属性 \n[area]dir属性 \n[area]lang属性 \n[area]title属性 \n[DOM]Base 对象 \n[base]href属性 \n[base]id属性 \n[base]target属性 \n[DOM]Basefont对象 \n[DOM]Body 对象 \n[body]className属性 \n[body]dir属性 \n[body]id属性 \n[body]lang属性 \n[body]title属性 \n[DOM]Button对象 \n[button]accessKey属性 \n[button]disable属性 \n[button]form属性 \n[button]id属性 \n[button]name属性 \n[button]tabIndex属性 \n[button]type属性 \n[button]value属性 \n[button]className属性 \n[button]dir属性 \n[button]lang属性 \n[button]title属性 \n[button]blur()方法 \n[button]click()方法 \n[button]focus()方法 \n[DOM]Checkbox \n[Checkbox]accessKey属性 \n[Checkbox]alt属性 \n[Checkbox]checked 属性 \n[Checkbox]defaultChecked属性 \n[Checkbox]disabled属性 \n[Checkbox]form属性 \n[Checkbox]id属性 \n[Checkbox]name属性 \n[Checkbox]tabIndex属性 \n[Checkbox]type属性 \n[Checkbox]className属性 \n[Checkbox]dir属性 \n[Checkbox]lang属性 \n[Checkbox]title属性 \n[Checkbox]blur()方法 \n[Checkbox]click()方法 \n[Checkbox]focus()方法 \n[DOM]Document 对象 \n[document]anchors 集合 \n[document]forms 集合 \n[document]images 集合 \n[document]domain 属性 \n[document]referrer 属性 \n[document]title 属性 \n[document]URL 属性 \n[document]close() 方法 \n[document]getElementById() 方法 \n[document]open() 方法 \n[document]write() 方法 \nDOM 事件 \n[DOM]File 对象 \n[DOM]Form 对象 \n[Form]elements 集合 \n[Form]acceptCharset属性 \n[Form]action属性 \n[Form]enctype 属性 \n[Form]id 属性 \n[Form]length 属性 \n[Form]method 属性 \n[Form]name 属性 \n[Form]target 属性 \n[Form]reset() 方法 \n[Form]submit() 方法 \n[DOM]Frame 对象 \n[Frame]noResize属性 \n[Frame]scrolling属性 \n[Frame]src属性 \n[DOM]Frameset 对象 \n[DOM]Hidden对象 \n[DOM]History 对象 \n[DOM]Iframe 对象 \n[Iframe]src 属性 \n[DOM]Image 对象 \n[Image]align属性 \n[Image]alt属性\n',69,49,NULL,NULL,'2021-12-12 22:18:10','2021-12-12 22:18:10'),(48,'那既然这么多自学web前端的人，放弃的，失败的，为什么如此之多，今天我给大家总结几点的原因。 \n1.作为外行人不懂这行，也不知道找专业的人交流沟通一下，毕竟你是个外行人肯定会有非常多不懂的地方，各行如隔山。况且是web前端这种技术类型的工作，如果你都不了解怎么学有效率，应该注意哪些方式，自己就无脑的买书或者在网上找视频去学。那你可以自己及去想想，有什么理由能让你学成呢？毫无准备的人，毫无知情的人怎么可能成功转行呢？所以初学者还了解行业行情，多跟大牛请教一下，这是必须的。\n',21,50,NULL,NULL,'2021-12-12 22:24:04','2021-12-12 22:24:04'),(49,'2.学的不系统，学的东西不是重点，做web前端开发工作中，其实用的东西翻来覆去就是那么几样，web前端的东西虽然多，但是并不是每个知识都学，有很多知识工作中永远都用不到，了解就可以了。但是作为初学者就是不知道重点是什么，盲目的学，最后肯定达不到企业需求的水平，最后不得不放弃。\n',21,50,NULL,NULL,'2021-12-12 22:24:18','2021-12-12 22:24:18'),(50,'3.“看”多于“练”还是同样的原因，很多转行的学习web前端的新人只是无脑的看书，看视频，但是却不知道学习web前端是为了能动手做项目。虽然他看完了所有的视频，但是却什么都写不出来，没有多少实际操作。他认为自己看完了视频就算是学过了，其实他跟没学也没什么区别，嘴里还说着找不到工作，前端饱和了这样的话。还是由于自己的不懂。\n',21,50,NULL,NULL,'2021-12-12 22:24:30','2021-12-12 22:24:30'),(51,'以上三点基本是多数人最后失败和放弃的主要原因。如果你想做web前端的工作，应该避免上面的问题。\n初学者在自学前端的过程中，总是会遇见各种各样的问题。',21,50,NULL,NULL,'2021-12-12 22:25:20','2021-12-12 22:25:20'),(52,'那么想学习web前端应该如何去做呢？\n首先我认为想去培训的人和不想去培训的人有两个心态，想去培训的人是决心要学的，不想去培训的人大部分都是浑水摸鱼的，所以放弃的概率是很大的。但是也有小部分是因为经济条件不好。我这里想说明什么呢？想去培训的，我不建议你去培训，不想培训的，我也不建议你不培训。\n',21,50,NULL,NULL,'2021-12-12 22:25:33','2021-12-12 22:25:33'),(53,'学习中注意事项：\n1.开始养成良好代码习惯。\n2.先自己多思考，然后再去问老师，培养自己解决问题能力。\n3.大量时间用来写代码，而不是看视频。\n4.书籍用来回顾知识点，而不要用来一页一页翻书。\n',21,50,NULL,NULL,'2021-12-12 22:26:07','2021-12-12 22:26:07'),(54,'楼主写得很用心 受教了',39,50,NULL,NULL,'2021-12-12 22:27:28','2021-12-12 22:27:28'),(55,'可以分享一下学习经验',34,50,NULL,NULL,'2021-12-12 22:28:29','2021-12-12 22:28:29'),(56,'又不能培训 自学有不行 那应该怎么学呢？',34,50,52,52,'2021-12-12 22:29:21','2021-12-12 22:29:21'),(57,'写代码写什么呢？我感觉我只会视频上交的那一点，私下写不知道写什么',29,50,NULL,NULL,'2021-12-12 22:30:49','2021-12-12 22:30:49'),(58,'09、Undesign\n地址：https://undesign.learn.uno/ \nUndesign 是设计工具、插图、开发人员和设计师的源代码、制造商资源等的免费集合。一定要试试这个网站。\n',17,51,NULL,NULL,'2021-12-13 14:37:20','2021-12-13 14:37:20'),(59,'08、ScreenShot.rock\n地址：https://screenshot.rocks/ \nScreenshot Rock 是一个可以创建漂亮的移动和浏览器屏幕截图的地方。您只需要上传任何屏幕截图，它就会为浏览器提供移动框架触摸功能。\n',17,51,NULL,NULL,'2021-12-13 14:39:29','2021-12-13 14:39:29'),(60,'07、Readme.so\n地址：https://readme.so/ \nReadme.so 是一个在线自述文件制作，可帮助开发人员为其项目创建自述文件。大多数开发人员使用readme.so为其 Github 项目创建自述文件。\n',17,51,NULL,NULL,'2021-12-13 14:39:36','2021-12-13 14:39:36'),(61,'06、Dev Samples\n地址：https://www.devsamples.com/ \n此网站是您可以自由复制粘贴到项目中的代码集合网站。该网站的重点是 Web 开发人员的源代码。Dev Samples 对新手开发人员来说很方便。\n',17,51,NULL,NULL,'2021-12-13 14:39:44','2021-12-13 14:39:44'),(62,'好网站，感谢楼主分享！',32,51,NULL,NULL,'2021-12-13 14:40:38','2021-12-13 14:40:38'),(63,'这个好',32,51,58,58,'2021-12-13 14:41:08','2021-12-13 14:41:08'),(64,'继续',30,51,NULL,NULL,'2021-12-13 14:42:05','2021-12-13 14:42:05'),(65,'05、Unscreen\n地址：https://www.unscreen.com/ \nUnscreen 是一个帮助您去除视频背景的网站。它用于制作无背景视频。必须尝试该网站。\n',17,51,NULL,NULL,'2021-12-13 14:42:56','2021-12-13 14:42:56'),(66,'04、Jsfiddle\n地址：mhttp://jsfiddle/ \nJsfiddle 是代码编辑器，您可以在其中通过实时预览测试 JavaScript、CSS、Html 代码。该网站是 Web 开发人员的便捷工具。\n',17,51,NULL,NULL,'2021-12-13 14:43:12','2021-12-13 14:43:12'),(67,'03、FontAwesome\n地址：https://fontawesome.com/ \n如果您在为您的项目寻找一些很棒的图标，您可以访问 FontAwesome 下载任何项目的免费图标。\n',17,51,NULL,NULL,'2021-12-13 14:43:21','2021-12-13 14:43:21'),(68,'02、Ray.so\n地址：https://ray.so/ \n此网站可以将让您制作的精美图像进行源代码的分享。它支持几乎所有的编程语言格式。您可以设置背景、颜色、字体等。一定要试试这个网站。\n',17,51,NULL,NULL,'2021-12-13 14:43:30','2021-12-13 14:43:30'),(69,'01、Animista\n地址：https://animista.net/ \nAnimista 是一个简单的 CSS 动画库网站。您可以测试和使用现成的 CSS 动画，也可以下载它们的代码。Web 开发人员一定要上的网站，这个对您提升开发效率非常有帮助。\n',17,51,NULL,NULL,'2021-12-13 14:43:38','2021-12-13 14:43:38'),(70,'大概就这些了',17,51,NULL,NULL,'2021-12-13 14:43:57','2021-12-13 14:43:57'),(71,'这些网站我都知道',16,51,NULL,NULL,'2021-12-13 14:44:45','2021-12-13 14:44:45'),(72,'Web前端开发是种网页制作发展而来的\n在web1.0的阶段主要是进行网页制作，那时网站的主要内容都是静态的，用户使用网站的行为也以浏览为主。\n到了web2.0 的时代各种类似桌面软件的Web应用大量涌现，网站的前端由此发生了翻天覆地的变化。网页不再是单一的静态，而是在网页上逐渐形成交互形式为用户提供了更好的使用体验。\n',80,53,NULL,NULL,'2021-12-13 15:39:28','2021-12-13 15:39:28'),(73,'web前端主要负责与网站系统页面相关的工作，如制作网页、优化完善网页，以及网站的维护等。\nweb应用是由动态脚本、编译过的代码等组合而成。它通常架设在web服务器上，用户在web浏览器上发送请求，这些请求使用HTTP协议，经过因特网和企业的web应用交互，由web应用和企业后台的数据库及其他动态内容通信。\nweb前端开发工程师的职责是：致力于通过技术提升用户体验。\n目前前端领域很大：\n1.PC，也就是我们说的网页;\n2.H5或Hybrid，混合应用开发，涉及移动端;\n3.Electron 桌面应用领域;\n4.微信公众号;\n5.小程序;\n6.可视化canvas/svg/webgl\n',84,53,NULL,NULL,'2021-12-13 15:40:22','2021-12-13 15:40:22'),(74,'页面 小程序 网页网站等等\n',77,53,NULL,NULL,'2021-12-13 15:41:51','2021-12-13 15:41:51'),(75,'都是好网站',77,51,NULL,NULL,'2021-12-13 15:42:25','2021-12-13 15:42:25'),(76,'做界面展现部分的 前后端分离之后 提高了企业的效率\n',49,53,NULL,NULL,'2021-12-13 15:43:40','2021-12-13 15:43:40'),(77,'cv工程师',74,53,NULL,NULL,'2021-12-13 15:44:26','2021-12-13 15:44:26'),(78,'会写helloworld就行了\n',36,54,NULL,NULL,'2021-12-13 15:47:52','2021-12-13 15:47:52'),(79,'我是学完js基础学的差不多，知道用法能写出来东西才学jq最后学的vue\n',33,54,NULL,NULL,'2021-12-13 15:48:41','2021-12-13 15:48:41'),(80,'学会js的基本语法知识就好了',60,54,NULL,NULL,'2021-12-13 15:57:21','2021-12-13 15:57:21'),(81,'我是怎么自学成功的？\n我跟大家一样，也是边工作边学习，或许跟大多数人比，我的决心要更大一些。因为我明白，我当时所从事的机械行业属于夕阳产业，年轻人都不喜欢做的工作，每天都很累，工资也特别低，看不到任何希望。所以我转行是必然的事情，我忍受不了看不到未来的生活和职位。所以既然打算了转行学习WEB前端，就开始做好了吃苦的准备，因为边工作边学习确实非常辛苦，但只要想要回报，就一定要付出，这个道理每个人都明白。\n',78,55,NULL,NULL,'2021-12-13 16:01:05','2021-12-13 16:01:05'),(82,'每天下班回家后自学四五个小时，基本都要到晚上12点以后，没办法为了生活。在学校的时候不明白生活的艰难。遭受到了社会的毒打渐渐明白了，在这个时代中没有家庭背景，没有好的学历，没有好的技术和体面的工作，完全不配做人。上海这样的城市显得格外冷漠，所以我必须要学会一个热门技术，那就是把WEB前端学到精通在精通的地步。\n',78,55,NULL,NULL,'2021-12-13 16:01:21','2021-12-13 16:01:21'),(83,'怎么有效的自学WEB前端？\n首选就是有一套比较系统新颖的WEB前端学习教程，知识点+作业+项目都配套齐全，这就是你学习WEB前端的工具。把这套教程所有的知识点都掌握之后，就可以初步达到一个就业的水平。其实WEB前端的学习教程非常多，在网上到处都是。但是想要找到非常系统，比较新的教程就要费一些功夫。\n',78,55,NULL,NULL,'2021-12-13 16:01:37','2021-12-13 16:01:37'),(84,'能把WEB前端自学成功并且就业，除了要有决心和毅力之外，还需要学习WEB前端的各种方法和技巧，下面几点可能就是初学者会犯的的错误学习方式：\n1、感觉自己能看懂代码，但是动手不会写。这是明显的只看不写，初学者常犯的错误，每天学习的知识没有练习、作业去巩固，视频相当于白看。\n2、没有项目的实践，我们学习WEB前端最终要达到的目的就是要能独立开发项目，这样才能具备就业的水平，但是很多初学者在学习的时候只是看视频，每个阶段都不去做项目，这样学无非就是浪费时间。\n',78,55,NULL,NULL,'2021-12-13 16:01:59','2021-12-13 16:01:59'),(85,'有人问我自学了多久，我是自学了大概7个月的时间，每天自学4-6个小时，周六周日是全天学习，最后是做了三个大项目，然后自己包装简历去面试。这个过程还是非常艰难的，自己很难坚持下去，但如果有人跟你一起学，在你遇到问题的时候有网友给你解答问题，你的学习效率就会非常高，所以这也是有网络的好处，可以相互帮助。不然学习WEB前端全靠自己一个人就非常难，遇到一个问题很难解决，心态就容易出现厌学的状态。\n',78,55,NULL,NULL,'2021-12-13 16:02:20','2021-12-13 16:02:20'),(86,'做的哪几个项目？现在软文也太真实了。\n',83,55,NULL,NULL,'2021-12-13 16:03:04','2021-12-13 16:03:04'),(87,'全程自学吗',88,55,NULL,NULL,'2021-12-13 16:03:54','2021-12-13 16:03:54'),(88,'从最开始学习爬虫纯粹是为了想看一些电影，那时候还不知道有白嫖的网站哈哈哈哈，就这样一步一步入了坑，学生党，也没钱买课。但是却看上一套非常好的课，，默默攒着学费。在此之前只能靠着b站，论坛，百度这些自学，学习过程确实很难，从最开始的基础语法学起，一个人走确实走了很多弯路，看了许多爬虫之外的东西，但学了也不白学。入门很简单，那些简单的请求页面的代码大家都会写，一个requests搞定，关键是一些逆向操作，越深入学的越多，我现在又想学小程序，app逆向。慢慢学吧哈哈哈哈哈，如果有志同道合的人可以一起学习呀，入门的零基础的都可以，分享资料呀，解答一些简单的问题都可以问我。\n今天是个好日子嘻嘻嘻，因为我把学费攒起了，又能更深一步逐修炼了开心。\n最后下面是之前写的，发的帖子，，，，极验滑块已过，需要的可以v我，全套，目前成功率100%。全算法，不是selenium。另外可以互相交流学习，Python最近很火，入门门槛低，这是如今大部分人学习python的原因，但是你真得找准学python的方向了吗，最开始我是为了爬vip视频学习了python爬虫。后来又逐渐到网页爬虫，异步请求，到后面的逆向爬虫，小程序app，一步步的深入，爬完数据还需要数据处理，数据库，pandas,numpy,sql都需要学。希望大家在学习python找准方向。另外，我现在因为学了好久爬虫，想接点单子，如果谁需要爬数据的可以联系我。最后如果有志同道合的朋友希望可以，一起报团取暖。最近新教了一个qun 可以帮忙解答问题，相互交流。203033819\n',4,56,NULL,NULL,'2021-12-13 16:09:06','2021-12-13 16:09:06'),(89,'大家好',4,56,NULL,NULL,'2021-12-13 16:09:22','2021-12-13 16:09:22'),(90,'安卓模拟器的核心科技是什么\n安卓模拟器现在大家都已经很熟悉了，\n大家也都知道 安卓模拟器可以用电脑来玩一些手机游戏，\n或者app，它能够带来超大屏的体验\n与此同时 我们可以利用电脑的一些外设，\n比如说 游戏手柄来增强游戏的体验感，\n也可以利用手机模拟器的挂机功能，去批量的注册一些游戏账号，\n挂一些游戏账号，那么 模拟器能带来这么多好处，\n你知道他的核心科技是什么吗？几年我们就来聊聊这个问题\n兔子lP\n',20,57,NULL,NULL,'2021-12-13 16:12:07','2021-12-13 16:12:07'),(91,'欢迎',22,8,NULL,NULL,'2021-12-13 16:14:57','2021-12-13 16:14:57'),(92,'大家可以运行试试',31,59,NULL,NULL,'2021-12-13 16:17:06','2021-12-13 16:17:06'),(93,'大家能解出来吗',31,60,NULL,NULL,'2021-12-13 16:19:33','2021-12-13 16:19:33'),(94,'自己动手多敲一敲',7,60,NULL,NULL,'2021-12-13 16:20:18','2021-12-13 16:20:18'),(95,'感谢分享！',13,62,NULL,NULL,'2021-12-13 16:27:39','2021-12-13 16:27:39'),(96,'前排支持一下',12,62,NULL,NULL,'2021-12-13 16:28:19','2021-12-13 16:28:19'),(97,'2、连接到远程主机上的MYSQL\n\n假设远程主机的IP为：110.110.110.110，用户名为root,密码为abcd123。则键入以下命令：\nmysql -h110.110.110.110 -u root -p 123;（注:u与root之间可以不用加空格，其它也一样）\n',12,63,NULL,NULL,'2021-12-13 16:38:46','2021-12-13 16:38:46'),(98,'3、退出MYSQL命令\n\n exit （回车）\n',12,63,NULL,NULL,'2021-12-13 16:38:54','2021-12-13 16:38:54'),(99,'二、修改密码\n\n格式：mysqladmin -u用户名 -p旧密码 password 新密码\n\n\n1、给root加个密码ab12\n\n首先在DOS下进入目录mysql\\bin，然后键入以下命令\nmysqladmin -u root -password ab12\n注：因为开始时root没有密码，所以-p旧密码一项就可以省略了。\n\n\n2、再将root的密码改为djg345\nmysqladmin -u root -p ab12 password djg345\n\n（注意：和上面不同，下面的因为是MYSQL环境中的命令，所以后面都带一个分号作为命令结束符）\n',12,63,NULL,NULL,'2021-12-13 16:39:05','2021-12-13 16:39:05'),(100,'三、增加新用户\n\n格式：grant select on 数据库.* to 用户名@登录主机 identified by “密码”\n\n1、增加一个用户test1密码为abc，让他可以在任何主机上登录，并对所有数据库有查询、插入、修改、删除的权限。\n\n首先用root用户连入MYSQL，然后键入以下命令：\n\ngrant select,insert,update,delete on *.* to test1”%\" Identified by “abc”;\n但增加的用户是十分危险的，你想如某个人知道test1的密码，那么他就可以在internet上的任何一台电脑上登录你的mysql数据库并对你的数据可以为所欲为了，解决办法见2。\n\n\n2、增加一个用户test2密码为abc,让他只可以在localhost上登录，并可以对数据库mydb进行查询、插入、修改、删除的操作（localhost指本地主机，即MYSQL数据库所在的那台主机）\n这样用户即使用知道test2的密码，他也无法从internet上直接访问数据库，只能通过MYSQL主机上的web页来访问了。\ngrant select,insert,update,delete on mydb.* to test2@localhost identifiedby “abc”;\n如果你不想test2有密码，可以再打一个命令将密码消掉。\ngrant select,insert,update,delete on mydb.* to test2@localhost identified by “”;\n',12,63,NULL,NULL,'2021-12-13 16:39:12','2021-12-13 16:39:12'),(101,'将数据库清空建议truncate TABLE 表名;\n',14,63,NULL,NULL,'2021-12-13 16:40:29','2021-12-13 16:40:29'),(102,'计算属性\n模板内的表达式非常便利，但是设计它们的初衷是用于简单运算的。在模板中放入太多的逻辑会让模板过重且难以维护。例如：\n\n{{ message.split(\'\').reverse().join(\'\') }}\n在这个地方，模板不再是简单的声明式逻辑。你必须看一段时间才能意识到，这里是想要显示变量 message 的翻转字符串。当你想要在模板中多次引用此处的翻转字符串时，就会更加难以处理。 所以，对于任何复杂逻辑，你都应当使用计算属性。\nClass 与 Style 绑定\nTPshop 中国免费商城系统 - 搜豹商城系统 - 免费50小时Vue视频教程 立即查看 >\n操作元素的 class 列表和内联样式是数据绑定的一个常见需求。因为它们都是属性，所以我们可以用 v-bind 处理它们：只需要通过表达式计算出字符串结果即可。不过，字符串拼接麻烦且易错。因此，在将 v-bind 用于 class 和 style 时，Vue.js 做了专门的增强。表达式结果的类型除了字符串之外，还可以是对象或数组。\n',14,64,NULL,NULL,'2021-12-13 16:44:02','2021-12-13 16:44:02'),(103,'然后我设置了jest.config.js中的moduleNameMapper配置项为：运行测试不在报找不到模块的错误，而是报了另一个错误：测试文件中导入ts文件的方式依旧是\n',23,65,NULL,NULL,'2021-12-13 16:49:40','2021-12-13 16:49:40'),(104,'这个情况是怎么回事',23,65,NULL,NULL,'2021-12-13 16:50:04','2021-12-13 16:50:04'),(105,'本文不错(￣ˇ￣)，值得学习！(=￣ω￣=)\n',8,66,NULL,NULL,'2021-12-13 16:55:19','2021-12-13 16:55:19'),(106,'楼主你的思维导图做的特别棒！可否分享下源文件，多谢！\n',18,66,NULL,NULL,'2021-12-13 16:56:18','2021-12-13 16:56:18'),(107,'当然可以了',5,66,106,106,'2021-12-13 16:56:48','2021-12-13 16:56:48'),(108,'谢谢！',5,66,105,105,'2021-12-13 16:56:56','2021-12-13 16:56:56'),(110,'赞赞赞',13,68,NULL,NULL,'2021-12-13 17:03:52','2021-12-13 17:03:52'),(111,'顶',35,68,NULL,NULL,'2021-12-13 17:04:33','2021-12-13 17:04:33'),(112,'不觉明厉',41,69,NULL,NULL,'2021-12-13 17:06:18','2021-12-13 17:06:18'),(113,'想必大家都知道情商的重要性了。[可爱]\n　　首先，下面围绕主题，抛出几个问题，看看你们有没有中枪的，呵呵。\n　　1总是感觉到孤独，交不到真心朋友的。异性资源很少，不知道怎么办。\n　　２.你是不是平时认为自己就是一个缺乏情趣和激情的人，你只是知道，“知道”需要要孝敬父母关心朋友，知道而已。但是对家人朋友没有特别那种想关爱的感觉。【爱无能】\n　　３你或许会排斥一些让自己动感情的，排斥一些让自己陷入焦虑恐惧的东西之中的事物，有吗\\(\"▔□▔)/\n',42,70,NULL,NULL,'2021-12-13 17:08:41','2021-12-13 17:08:41'),(114,'　#(彩虹) 你想不想成为一个真正的人生赢家。想的请打1.非常想的请打10#(彩虹) \n',42,70,NULL,NULL,'2021-12-13 17:09:02','2021-12-13 17:09:02'),(115,'　有些事情你知道做了是有好处的，可就是提不起兴趣，一拖再拖。不能坚持做自己不喜欢、不愿意做的事。有这种情况吧？对不对？说的是不是你啊[画圈圈]\n',42,70,NULL,NULL,'2021-12-13 17:09:20','2021-12-13 17:09:20'),(116,'有',27,70,113,113,'2021-12-13 17:10:08','2021-12-13 17:10:08'),(117,'10',27,70,114,114,'2021-12-13 17:10:18','2021-12-13 17:10:18'),(118,'en',27,70,115,115,'2021-12-13 17:10:25','2021-12-13 17:10:25'),(119,'顶',27,70,NULL,NULL,'2021-12-13 17:10:34','2021-12-13 17:10:34'),(120,'全中',65,70,113,113,'2021-12-13 17:11:19','2021-12-13 17:11:19'),(121,'10',65,70,114,114,'2021-12-13 17:11:26','2021-12-13 17:11:26'),(122,'不会处理和同学之间的关系，胆怯在公众讲话，没有几个异性朋友，同性同学打成一团，我感觉融不入他们，不知道是不是所谓:道不同不相为谋。 总被同学看不起，开玩笑捉弄我，我已经无法忍受这样的生活，我是大二学生，求助。\n',65,70,NULL,NULL,'2021-12-13 17:11:56','2021-12-13 17:11:56'),(123,'我也是',62,70,113,120,'2021-12-13 17:12:38','2021-12-13 17:12:38'),(124,'嗯',62,70,115,115,'2021-12-13 17:12:53','2021-12-13 17:12:53'),(125,'不错',62,70,NULL,NULL,'2021-12-13 17:13:12','2021-12-13 17:13:12'),(126,'你是不是觉得自己是个爱无能的人，没有办法爱自己的朋友，爱自己的亲人甚至是爱一个异性.总是的压抑自己内心？\n　　我以前也从科学的角度来说：人大脑会分泌一种叫做内啡肽的激素。当内啡肽不分解堆积在大脑内部的时候，就会有一种惰性，倦怠感，会想睡觉[表情]，会没有斗志。\n　　　　　　内啡肽(嘎嘎)Ｏ（∩＿∩）Ｏ～\n',42,70,NULL,NULL,'2021-12-13 17:14:05','2021-12-13 17:14:05'),(127,'我认为最接地气最通俗易懂的说法就是：做人！ 情商就是做人的智慧！ （这是狭义的说法）认同的请打1.不认同的请打2。\n',42,70,NULL,NULL,'2021-12-13 17:14:52','2021-12-13 17:14:52'),(128,'太幸福了感恩',50,71,NULL,NULL,'2021-12-13 17:17:50','2021-12-13 17:17:50'),(129,'是啊',69,71,128,128,'2021-12-13 17:18:38','2021-12-13 17:18:38'),(130,'我觉得还可以吧。虽然依旧艰辛，但我暂时还能看到希望。\n',69,71,NULL,NULL,'2021-12-13 17:18:55','2021-12-13 17:18:55'),(131,'还有身体健康，这个是最基础也是最重要的\n',63,71,NULL,NULL,'2021-12-13 17:19:44','2021-12-13 17:19:44'),(132,'虽然都做到了，但是劳资还是要咸因，因为还有很多人做不到，当然你们可以说他们不努力\n',76,71,NULL,NULL,'2021-12-13 17:20:37','2021-12-13 17:20:37'),(133,'不觉得',76,71,128,128,'2021-12-13 17:20:47','2021-12-13 17:20:47'),(134,'我们生命当中的每一天都是明天，也是今天，也会成为昨天。好好回首每一个昨天，把握和感受每一个今天，就会迎接灿烂辉煌的明天。\n',90,72,NULL,NULL,'2021-12-13 17:24:06','2021-12-13 17:24:06'),(135,'许多实践都证明，准备越充分，离成功就越近；准备越欠缺，离成功就越远。要知道，即使是最聪慧的人，其灵感也是从积累中得来，而非偶然。\n',90,72,NULL,NULL,'2021-12-13 17:24:13','2021-12-13 17:24:13'),(136,'我们的每一次选择都非偶然，而取决于我们以往的思维定式、生活经历。我们只能做出我们思想范围内的选择，不会有超越思想范围的行为。\n',90,72,NULL,NULL,'2021-12-13 17:24:22','2021-12-13 17:24:22'),(137,'我们的行动由我们的思想引导着。从某种程度而言，每个人的思想以及思维方式都决定其现状和未来。\n',90,72,NULL,NULL,'2021-12-13 17:24:30','2021-12-13 17:24:30'),(138,'在每个人的潜意识当中都隐藏有无穷的能量，但我们却总是忽略它。要想改变自己，就要首先意识到在我们内心深处这种能量的存在。而要意识到这种能量的存在，我们必须懂得，一切能量都源于自己的内心世界。只要充分发掘它们，就能做出许多惊人的成就。\n',90,72,NULL,NULL,'2021-12-13 17:24:51','2021-12-13 17:24:51'),(139,'每个人的内心世界都拥有惊人的潜能，蕴含着无尽的能量，无尽的智慧，可以满足现实中的一切需求。我们一旦掌握了这个内在的世界的潜能，并加以运用和释放这种潜能，结果就会如实反映于外在的世界。\n',90,72,134,134,'2021-12-13 17:25:17','2021-12-13 17:25:17'),(140,'《宇宙与生命》第一章\n第三节 宇宙第二大循环的运行情况\n',90,73,NULL,NULL,'2021-12-13 17:29:52','2021-12-13 17:29:52'),(141,'楼主继续更',81,73,NULL,NULL,'2021-12-13 17:30:54','2021-12-13 17:30:54'),(142,'物极必反，能吹上天也能被按在地上摩擦\n',84,74,NULL,NULL,'2021-12-13 17:34:34','2021-12-13 17:34:34'),(143,'国家角度？华为属于国家吗，华为国家说了算吗？当年中兴和华为一样的问题，中兴国家直接做主，平息了，虽然交了钱，这几年早从国外赚回来了，华为呢，国家可做不了主，当初国家帮华为说话，和美国交涉的时候，华为干嘛了直接去告美国，捅了国家一刀子。\n华为购买美的电子产品（违禁伊朗的产品，并签订遵守美禁运伊朗的协议的购货合同，通过华为控股的第三方公司卖给伊朗）从商业角度上来说就是合同违约，从国家角度上来说华为就是违反的美国法律！不制裁你华为？\n中兴当年被禁售了3年多才妥协的被骂软骨头，，某个2020年8月17日开始的实体名单，2020年9月1日，已经付了18亿美金的软骨头费的倒是英雄了。。 美国在全世界加入实体名单的企业有1000多家了被炒成美国举国之力对抗，，，\n',79,74,NULL,NULL,'2021-12-13 17:35:42','2021-12-13 17:35:42'),(144,'。。。。',67,75,NULL,NULL,'2021-12-13 17:40:10','2021-12-13 17:40:10'),(145,'预算1万2 单主机 玩大型3A游戏\n',58,76,NULL,NULL,'2021-12-13 17:43:03','2021-12-13 17:43:03'),(146,'预算：8k-1w（主机+显示器）\n用途：bim建模使用\n',54,76,NULL,NULL,'2021-12-13 17:43:55','2021-12-13 17:43:55'),(147,'预算4000-5000 台式电脑 普通工作办公用 使用到UG CAD等软件\n',39,76,NULL,NULL,'2021-12-13 17:44:48','2021-12-13 17:44:48'),(148,'3000左右预算，不需要显卡显示器键鼠，硬盘只需要个固态装系统！现在主要玩LOL看视频！后期可升级\n',56,76,NULL,NULL,'2021-12-13 17:45:53','2021-12-13 17:45:53'),(149,'配置参考一下',56,76,145,145,'2021-12-13 17:46:16','2021-12-13 17:46:16'),(150,'内存要32G',59,76,145,145,'2021-12-13 17:51:36','2021-12-13 17:51:36'),(151,'看看',59,76,146,146,'2021-12-13 17:51:58','2021-12-13 17:51:58'),(152,'CPU：i5 10400F散--849 散热; 赛普雷冷山 四铜管 -- 89 主板: 微星H510M 爆破弹--469 内存：威刚游戏威龙DDR4 3200hz 8G*2 16G--429 固态：金士顿 NV1 500G MVME协议 M.2 --299 显卡：耕升GTX 1650 4G 追风--1799 电源：航嘉冷静王 额定400W -- 219 机箱：鑫谷灵致G -- 119 总计：4272\n',59,76,147,147,'2021-12-13 17:52:20','2021-12-13 17:52:20'),(153,'很多人都想买一个真正顶配版的华强北airpods，毕竟原装的一千多，好一点的华强北版本也就两百多，差一点的也要100+，三者权衡利弊，综合性价比最高的肯定是华强北顶配版\n华强北airpods演变至今，市场上并没有指定某一个版本就是顶配，每个商家都会说自己的就是顶配版，买回来就不一定了，很多人由于自身对正品并不了解，基本就是靠东拼西凑来的知识点和一些浅显的了解就入手了。\n',89,77,NULL,NULL,'2021-12-13 17:56:45','2021-12-13 17:56:45'),(154,'文章主要从以下5个方面来分析，给小白们参考避雷\n1.关于芯片\n2.关于触点\n3.关于真光入耳检测\n4.关于安卓使用\n5.关于喇叭已经其他细节\n6.补充的部分（高通，就是市面上充正品卖的那个版本芯片）\n',89,77,NULL,NULL,'2021-12-13 17:57:28','2021-12-13 17:57:28'),(155,'。。。',70,79,NULL,NULL,'2021-12-13 18:01:27','2021-12-13 18:01:27'),(156,'第1条就不建议了!新手一定要遵循跑休结合.跑一休一,或者跑二休一,量力而行.\n一口吃不成胖子!!\n快走和慢跑结合,尽量用小碎步.鞋子也比较重要!\n',83,81,NULL,NULL,'2021-12-13 18:09:08','2021-12-13 18:09:08'),(157,'我第一个月开始3公里。月底就8公里了，人类也没你说的那么弱小，已经跑了半年了，没任何不适，第一个月140公里，现在250左右\n',72,81,NULL,NULL,'2021-12-13 18:10:07','2021-12-13 18:10:07'),(158,'养生跑的话5-6km6分配也可以了。很多是脱离了强身健体范畴了。\n',70,81,NULL,NULL,'2021-12-13 18:10:56','2021-12-13 18:10:56'),(159,'不受伤永远学不会跑步，脚趾到屁股，每块肌肉，每个关节，都需要痛一遍，关键是痛的程度，只要不是不可逆的伤痛，都需要，痛完了也就上路了\n',70,81,156,156,'2021-12-13 18:11:26','2021-12-13 18:11:26'),(160,'普通人都是追求健康，何必在意速度，又不是要去奥运会争金夺银\n',49,81,NULL,NULL,'2021-12-13 18:12:24','2021-12-13 18:12:24'),(161,'喜欢跑步，跑跑就会心烦意乱怎么解决？总觉得时间太慢。听音乐也没用。\n',49,81,NULL,NULL,'2021-12-13 18:12:43','2021-12-13 18:12:43'),(162,'我就在意配速，就好像你学习不在意成绩，工作不在意绩效和职位，打游戏不在意段位一样，有实力或者有潜力的人一定会在意，跑步的人不是只为了健康\n',49,81,160,160,'2021-12-13 18:13:16','2021-12-13 18:13:16'),(163,'你有过跑着跑着就站起来的时候吗？如果有那就是在正确的道路上\n',36,81,NULL,NULL,'2021-12-13 18:14:11','2021-12-13 18:14:11'),(164,'是的 层主说的对，新手最好建议跑休，不然受伤得不偿失，3年确实比较保守，可以适当的根据自己身体感受提高\n',86,81,156,156,'2021-12-13 18:15:41','2021-12-13 18:15:41'),(165,'如果鞋子小就会勒脚影响血液循环 如果鞋子略大 袜子又不是纯棉，脚掌就可能每一步都在与鞋垫来回位移摩擦 时间长了能明显感觉到脚底板发热，脚在鞋里位移也可能导致脚掌触地姿势不正确伤害脚和关节\n',86,81,157,157,'2021-12-13 18:16:16','2021-12-13 18:16:16'),(166,'跑着跑着就稍微快点了 慢慢的去参加些比赛 反正这个因人而异 跑得慢的就慢慢跑 快点的就稍微为成绩付出点也没毛病 去奥运会争金夺银那全国也没有人有这实力\n',86,81,160,162,'2021-12-13 18:17:10','2021-12-13 18:17:10'),(167,'二年前你说这些症状我都有，左胸，手，左后背疼。心脏全套检查做了一遍都是正常的，现在跑步偶尔还会疼，只能跑慢一点，我这个叫焦虑心脏病#(你懂的) \n',64,82,NULL,NULL,'2021-12-13 18:20:19','2021-12-13 18:20:19'),(168,'应该是原本身体就有问题吧！\n跑步这么将近五年 ，我很清楚有的人身体好才跑步，而不是跑步才身体好。\n身边跑伤的朋友太多了\n',59,82,NULL,NULL,'2021-12-13 18:21:28','2021-12-13 18:21:28'),(169,'但愿没事 医生也说我估计是太激动和焦虑了 我还没有做动脉造影 还没确定是不是心脏疾病 但是好多检查数据正常 真的好怕啊 怕猝死 这么年轻不想死 还有不能经常吃高油高脂的食物 脂肪会导致动脉血管粥样硬化 会引发心脏病 我前段时间属于暴饮暴食加熬夜 就感觉不太对 以后再也不敢这么吃了\n',60,82,167,167,'2021-12-13 18:22:16','2021-12-13 18:22:16'),(170,'你见过的有没有跑出心脏病的 或者其他伤病的\n',60,82,168,168,'2021-12-13 18:22:47','2021-12-13 18:22:47'),(171,'我是自己要求做冠脉CTA的，主要是太怕死了#(哈哈) 。我个人建议你先将生活方式及作息规律调整一下，后续再遵从医嘱检查。如检查无大碍，基本上都是焦虑造成的。焦虑的时候也会有心梗的症状#(汗) ，所以需将注意力转移\n',64,82,167,169,'2021-12-13 18:23:47','2021-12-13 18:23:47'),(172,'这是明宣宗行乐图。\n图中拿根小棍瞄准地上一枚弹子者为明宣宗。\n你猜他在干啥？\n打高尔夫。\n真的，这项运动古代叫捶丸，拿小棍捶石球之意也。\n最早起源于宋代，元代时期大受上流社会欢迎，在明代成为流行运动。\n是一种无论男女，老少咸宜的休闲娱乐方式。\n',51,84,NULL,NULL,'2021-12-13 18:28:42','2021-12-13 18:28:42'),(173,'打高尔夫球的明代劳动妇女。这是根据出土球杆制作的复制品，木头不经放，原件已经烂兮兮了。\n',51,84,NULL,NULL,'2021-12-13 18:29:50','2021-12-13 18:29:50'),(174,'但是石头很耐放，这是藏于北京首博的捶丸。在没有因腐蚀坑坑洼洼前，肯定很光溜。\n捶丸运动最早是从唐代风靡的马球变化而来，不骑马的马球叫步行球，慢慢就变成了捶丸。\n千万别以为高尔夫球是多么高端洋气的玩意儿，这是老祖宗从宋朝就玩剩下的了。\n15世纪的苏格兰人也许发明了现代高尔夫，可惜中国人早就珠玉在前了。\n以后要是在欧洲出土了证明捶丸传入欧洲的文物，就彻底变成出口转内销了。\n高档高尔夫会所你们感觉如何了？╮(╯v╰)╭\n我们自以为洋气了半辈子，其实是在复古。\n',51,84,NULL,NULL,'2021-12-13 18:30:38','2021-12-13 18:30:38'),(175,'①温水煮青蛙\n我想说:青蛙又不是2b\n你听过的版本\n记得在做生物实验时，把一只青蛙放进装有沸水的杯子时，青蛙马上跳出来，但把一只青蛙放在另一个温水的杯子中，并慢慢加热至沸腾，青蛙刚开始时会很舒适地在杯中游来游去，到它发现太热时，已失去力量跳不出来了。大环境的改变能决定你的成功与失败，但大环境的改变有时是看不到的，我们必须时时注意，正所谓“生于忧患，死于安乐!太舒适的环境往往蕴含着危险。习惯的生活方式，也许对你最具威胁。觉察到趋势的小改变，就必须“停下来”，从不同角度来思考。\n',30,85,NULL,NULL,'2021-12-13 18:33:37','2021-12-13 18:33:37'),(176,'但是…\n事实是这样的…\n青蛙又不是2b，怎么会活活被煮死?不过还真有人做煮青蛙的残忍实验，做这个实验的是美国动物学教授霍奇森。青蛙属于两栖类是冷血动物，体温会随着环境的温度进行调整。霍奇森研究的就是两栖类可以耐受的最高温度是多少……你看，科学家总是会给一些奇葩的实验找点很科学的借口。霍奇森选定的加热速率是大概是每分钟1.1摄氏度。他发现到了一定温度以后，青蛙会开始躁动不安，试图逃离这个环境，如果容器允许，青蛙还是会义不容辞地跳出来。所以，温水煮青蛙的故事根本就是蒙人的。《后会无期》你也看过了，什么是现实?\n',30,85,NULL,NULL,'2021-12-13 18:33:58','2021-12-13 18:33:58'),(177,'②鸵鸟心态\n你当他是母鸡啊?！！！！\n你听过的版本\n当大漠中的鸵鸟遇到危险时，它总会把头埋在沙堆里，以为自己看不见就安全了……于是，鸵鸟心态产生了。这个看似消极的词语，却被很多人不自觉地运用在婚姻关系中，以此求得稳定美满的生活。正所谓：婚前睁着眼睛找对象，婚后闭着眼睛过日子。鸵鸟的策略就是妥协，通过妥协而得到利益最大化的选择。非原则性的问题，采取鸵鸟策略有助于关系和谐，但在原则性的问题上，采取鸵鸟策略必须三思后行。\n',30,85,NULL,NULL,'2021-12-13 18:34:16','2021-12-13 18:34:16'),(178,'那么… 事实是这样的…\n其实这是视觉上的误差而已，鸵鸟体型巨大，但脑袋非常小。如果你从远处看见它们在地上啄食，它们的脑袋看起来就好像埋进了地里似的，不过它们绝不会这么做，除非它们活腻了……但是它们确实会在土里挖洞，给自己的蛋做个窝，偶尔探头瞅两眼窝里的蛋。而真正遇到危险时，鸵鸟的第一反应是以70公里的时速跑路，如果逃不了，战上三百个回合也无妨。别小看它的战斗力，发飙的鸵鸟可以弄死一只成年雄狮。\n',30,85,NULL,NULL,'2021-12-13 18:34:38','2021-12-13 18:34:38'),(179,'③鱼的记忆只有7秒\n不可以侮辱鱼的智商！\n你听过的版本\n早在很久以前，就听说过一个故事：鱼的记忆只有7秒，7秒之后它就不会记得曾经的事情了，所有的一切又都会变成崭新的开始。所以，在那一方小小的鱼缸里面，它永远都会兴致勃勃，永远都不会觉得无聊。有时候，我多么希望自己就是那只鱼，能够在七秒后遗忘所有。但有时，将一切都遗忘，显的是那么的可怕毕竟身边还有许多美好的人和事物，值得去珍惜。\n',30,85,NULL,NULL,'2021-12-13 18:34:57','2021-12-13 18:34:57'),(180,'④老鹰的重生\n饿150天?老鹰又不冬眠\n你听过的版本\n据说在鸟类世界中鹰的寿命最长，可以活到70岁。然而，并不是任何一只鹰都能活这么长时间。原来，鹰要想活到70岁，必须在它40岁时完成一次蜕变。因为当鹰活到40岁的时候，一切功能都已退化，迟钝的爪子已经抓不住猎物，过长的喙也啄不住食物，笨拙的翅膀更难以载动自己沉重的身体。在这个时刻，鹰的选择只有两种：要么等死，要么重生。如果选择重生，它要飞到人迹罕至的山顶，用喙猛力击打岩石，直到脱落，等到新的喙长出来，再用它把爪上的指甲一根根拔出来，等新的指甲长出来后，再把身体上的羽毛一根根拔掉;这一残忍的重生过程历时150天，只要熬过150天，获得新生的鹰又可以再活三十年，重新称霸蓝天了。\n',30,85,NULL,NULL,'2021-12-13 18:35:29','2021-12-13 18:35:29'),(181,'？？？',13,87,NULL,NULL,'2021-12-13 18:39:33','2021-12-13 18:39:33'),(182,'线性表\n线性表是一种典型的线性结构。头结点无前驱有一个后继，尾节点无后继有一个前驱。链表只能顺序查找，定位一个元素的时间为O(N)，删除一个元素的时间为O(1)\n\n线性表的顺序存储结构：把线性表的结点按逻辑顺序依次存放在一组地址连续的存储单元里。用这种方法存储的线性表简称顺序表。是一种随机存取的存储结构。顺序存储指内存地址是一块的，随机存取指访问时可以按下标随机访问，存储和存取是不一样的。如果是存储，则是指按顺序的，如果是存取，则是可以随机的，可以利用元素下标进行。数组比线性表速度更快的是：原地逆序、返回中间节点、选择随机节点。\n便于线性表的构造和任意元素的访问\n插入：插入新结点，之后结点后移。平均时间复杂度:O(n)\n删除：删除节点，之后结点前移。平均时间复杂度:O(n)\n',8,88,NULL,NULL,'2021-12-13 18:42:33','2021-12-13 18:42:33'),(183,'静态链表：用一维数组来实现线性链表，这种用一维数组表示的线性链表，称为静态链表。静态：体现在表的容量是一定的。（数组的大小）；链表：插入与删除同前面所述的动态链表方法相同。静态链表中指针表示的是下一元素在数组中的位置。\n静态链表是用数组实现的，是顺序的存储结构，在物理地址上是连续的，而且需要预先分配大小。动态链表是用申请内存函数（C是malloc,C++是new）动态申请内存的，所以在链表的长度上没有限制。动态链表因为是动态申请内存的，所以每个节点的物理地址不连续，要通过指针来顺序访问。静态链表在插入、删除时也是通过修改指针域来实现的，与动态链表没有什么分别\n',8,88,182,182,'2021-12-13 18:43:30','2021-12-13 18:43:30'),(184,'循环链表：是一种头尾相接的链表。其特点是无须增加存储量，仅对表的链接方式稍作改变，即可使得表处理更加方便灵活。\n在单链表中，将终端结点的指针域NULL改为指向表头结点的或开始结点，就得到了单链形式的循环链表，并简单称为单循环链表。由于循环链表中没有NULL指针，故涉及遍历操作时，其终止条件就不再像非循环链表那样判断p或p—>next是否为空，而是判断它们是否等于某一指定指针，如头指针或尾指针等。\n双向链表:在单链表的每个结点里再增加一个指向其直接前趋的指针域prior。这样就形成的链表中有两个方向不同的链。双链表一般由头指针唯一确定的，将头结点和尾结点链接起来构成循环链表，并称之为双向链表。设指针p指向某一结点，则双向链表结构的对称性可用下式描述：p—>prior—>next=p=p—>next—>prior。从两个方向搜索双链表，比从一个方向搜索双链表的方差要小。\n插入：先搞定插入节点的前驱和后继，再搞定后结点的前驱，最后搞定前结点的后继。\n在有序双向链表中定位删除一个元素的平均时间复杂度为O(n)\n可以直接删除当前指针所指向的节点。而不需要像单向链表中，删除一个元素必须找到其前驱。因此在插入数据时，单向链表和双向链表操作复杂度相同，而删除数据时，双向链表的性能优于单向链表\n',8,88,182,182,'2021-12-13 18:43:59','2021-12-13 18:43:59'),(185,'栈(Stack)是限制在表的一端进行插入和删除运算的线性表，通常称插入、删除的这一端为栈顶(Top)，另一端为栈底(Bottom)。先进后出。top= -1时为空栈，top=0只能说明栈中只有一个元素，并且元素进栈时top应该自增\n',8,88,NULL,NULL,'2021-12-13 18:44:22','2021-12-13 18:44:22'),(186,'顺序存储栈：顺序存储结构\n链栈：链式存储结构。插入和删除操作仅限制在链头位置上进行。栈顶指针就是链表的头指针。通常不会出现栈满的情况。 不需要判断栈满但需要判断栈空。\n两个栈共用静态存储空间,对头使用也存在空间溢出问题。栈1的底在v[1]，栈2的底在V[m]，则栈满的条件是top[1]+1=top[2]。\n基本操作：删除栈顶元素、判断栈是否为空以及将栈置为空栈等\n对于n各元素的入栈问题，可能的出栈顺序有C(2n,n)/(n+1)个。\n堆栈溢出一般是循环的递归调用、大数据结构的局部变量导致的\n',8,88,185,185,'2021-12-13 18:44:45','2021-12-13 18:44:45'),(187,'应用，代码：\n\n进制转换\n括号匹配的检验\n行编辑程序\n迷宫求解：若当前位置“可通”，则纳入路径，继续前进;若当前位置“不可通”，则后退，换方向继续探索;若四周“均无通路”，则将当前位置从路径中删除出去。\n表达式求解：前缀、中缀、后缀。\n操作数之间的相对次序不变;\n运算符的相对次序不同;\n中缀式丢失了括弧信息，致使运算的次序不确定\n前缀式的运算规则为:连续出现的两个操作数和在它们之前且紧靠它们的运算符构成一个最小表达式\n后缀式的运算规则为:运算符在式中出现的顺序恰为表达式的运算顺序;每个运算符和在它之前出现且紧靠它的两个操作数构成一个最小表达式。\n实现递归：多个函数嵌套调用的规则是：后调用先返回。\n浏览器历史纪录，Android中的最近任务，Activity的启动模式，CPU中栈的实现，Word自动保存，解析计算式，解析xml/json。解析XML时，需要校验节点是否闭合，节点闭合的话，有头尾符号相对应，遇到头符号将其放入栈中，遇到尾符号时，弹出栈的内容，看是否有与之对应的头符号，栈的特性刚好符合符号匹配的就近原则。\n',8,88,NULL,NULL,'2021-12-13 18:45:37','2021-12-13 18:45:37'),(188,'不是所有的递归程序都需要栈来保护现场，比方说求阶乘的，是单向递归，直接用循环去替代从1乘到n就是结果了，另外一些需要栈保存的也可以用队列等来替代。不是所有的递归转化为非递归都要用到栈。转化为非递归主要有两种方法：对于尾递归或单向递归，可以用循环结构算法代替\n',8,88,NULL,NULL,'2021-12-13 18:46:01','2021-12-13 18:46:01'),(189,'队列\n队列(Queue)也是一种运算受限的线性表。它只允许在表的一端进行插入，而在另一端进行删除。允许删除的一端称为队头(front)，允许插入的一端称为队尾(rear)。先进先出。\n',8,88,NULL,NULL,'2021-12-13 18:46:21','2021-12-13 18:46:21'),(190,'顺序队列：顺序存储结构。当头尾指针相等时队列为空。在非空队列里，头指针始终指向队头前一个位置，而尾指针始终指向队尾元素的实际位置\n',8,88,189,189,'2021-12-13 18:46:44','2021-12-13 18:46:44'),(191,'循环队列。在循环队列中进行出队、入队操作时，头尾指针仍要加1，朝前移动。只不过当头尾指针指向向量上界（MaxSize-1）时，其加1操作的结果是指向向量的下界0。除非向量空间真的被队列元素全部占用，否则不会上溢。因此，除一些简单的应用外，真正实用的顺序队列是循环队列。故队空和队满时头尾指针均相等。因此，我们无法通过front=rear来判断队列“空”还是“满”\n',8,88,189,189,'2021-12-13 18:47:09','2021-12-13 18:47:09'),(192,'链队列：链式存储结构。限制仅在表头删除和表尾插入的单链表。显然仅有单链表的头指针不便于在表尾做插入操作，为此再增加一个尾指针，指向链表的最后一个结点。\n设尾指针的循环链表表示队列,则入队和出队算法的时间复杂度均为O(1)。用循环链表表示队列，必定有链表的头结点，入队操作在链表尾插入，直接插入在尾指针指向的节点后面，时间复杂度是常数级的；出队操作在链表表头进行，也就是删除表头指向的节点，时间复杂度也是常数级的。\n\n队空条件：rear==front，但是一般需要引入新的标记来说明栈满还是栈空，比如每个位置布尔值\n\n队满条件：(rear+1) % QueueSize==front，其中QueueSize为循环队列的最大长度\n计算队列长度：（rear-front+QueueSize）% QueueSize\n入队：（rear+1）% QueueSize\n出队：（front+1）% QueueSize\n假设以数组A[N]为容量存放循环队列的元素,其头指针是front,当前队列有X个元素,则队列的尾指针值为(front+X mod N)\n',8,88,189,189,'2021-12-13 18:47:40','2021-12-13 18:47:40'),(193,'串\n串(String)是零个或多个字符组成的有限序列。长度为零的串称为空串(Empty String)，它不包含任何字符。通常将仅由一个或多个空格组成的串称为空白串(Blank String) 注意：空串和空白串的不同，例如“ ”和“”分别表示长度为1的空白串和长度为0的空串。\n\n串的表示和实现：\n\n定长顺序存储表示。静态存储分配的顺序表。\n堆分配存储表示。存储空间是在程序执行过程中动态分配而得。所以也称为动态存储分配的顺序表\n串的链式存储结构。\n串匹配：将主串称为目标串，子串称之为模式串。蛮力法匹配。KMP算法匹配。Boyer-Moore算法匹配。\n\n数组和广义表\n数组和广义表可看成是一种特殊的线性表，其特殊在于: 表中的元素本身也是一种线性表。内存连续。根据下标在O(1)时间读/写任何元素。\n',8,88,NULL,NULL,'2021-12-13 18:48:09','2021-12-13 18:48:09'),(194,'\n《中国人民志愿军赞歌》\n \n作词/李玉龙\n作曲/安 松\n演唱/陶辚竹\n \n不要把荣誉给我\n我只是千万军人中一个\n当祖国需要的时候\n我会用生命换祖国\n \n不要把掌声给我\n比我勇敢的人有很多\n在祖国危难的时候\n我愿筑起防线固我山河\n \n我走过的路，山记得\n我流过的血，汇成了河\n大地没有忘记千山红遍\n岁月没有忘记骄阳似火\n看那一座座庄严的丰碑\n就是对我们永远的赞歌【图片】\n',7,89,NULL,NULL,'2021-12-13 18:56:09','2021-12-13 18:56:09'),(195,'',7,90,NULL,NULL,'2021-12-13 18:58:54','2021-12-13 18:58:54'),(196,'降低成本的不二选择\n',26,93,NULL,NULL,'2021-12-13 19:06:26','2021-12-13 19:06:26'),(197,'天猫久拒不过？类目不对外招商？想做天猫国际没有渠道？\n京东自营找不到采销对接？害怕遇到高价被坑？\n缺商标？全空壳？\n加我微信，让你的问题都不是问题\n行业最高水平，平均每日下店60+\n百分百下店，内部渠道，不下店不收费，空壳也可操作\n',46,94,NULL,NULL,'2021-12-13 19:09:21','2021-12-13 19:09:21'),(198,'',46,94,NULL,NULL,'2021-12-13 19:10:13','2021-12-13 19:10:13'),(199,'不打马虎眼，不搞文字游戏，用心服务好每一位客户，这个是日常客户对我们的评价，爱店家为中小企业打通电商入口护航！\n',46,94,NULL,NULL,'2021-12-13 19:10:16','2021-12-13 19:10:16'),(200,'可以',46,93,NULL,NULL,'2021-12-13 19:10:28','2021-12-13 19:10:28'),(201,'雄狮无耳',44,95,NULL,NULL,'2021-12-13 19:14:07','2021-12-13 19:14:07'),(202,'一只带着项圈的雌狮',44,95,NULL,NULL,'2021-12-13 19:14:52','2021-12-13 19:14:52'),(203,'你可能在儿童科普上，杂志上，试卷阅读理解上以及其他许许多多的地方，听说过一些非常奇异的动物。这些动物的习性和生活方式往往非常的奇特，甚至有些背离常理。这里笔者可以负责任的告诉你，接下来笔者所列出了的这些奇异的动物全都是杜撰出来的，根本就不存在。希望大家看了以后不要再以讹传讹。\n',62,97,NULL,NULL,'2021-12-13 19:20:40','2021-12-13 19:20:40'),(204,'大约八十年代初，国人了解外部世界的强烈欲望催生了一批以猎奇为目的，极不负责的“科普书籍”。神秘莫测的亚马逊雨林更成为了无良作者杜撰的温床。诸如“日轮花”、“奠柏”之类臆造的食人植物见诸报端，行军蚁、食人鱼等确实存在的物种也被刻意妖魔化。\n',62,97,203,203,'2021-12-13 19:21:01','2021-12-13 19:21:01'),(205,'不明真相的许多出版物和网站纷纷转载，加之历年来缺乏有效的辟谣措施，导致谣言以讹传讹，渐渐以假乱真。\n',62,97,203,203,'2021-12-13 19:21:21','2021-12-13 19:21:21'),(206,'我这里只举出来被一些书籍记载为存在但其实完全虚构的动物，暂时不包括确实存在但是习性被扭曲和妖魔化的动物，也不包括传说动物，如龙和凤凰以及未确认是否真实存在的动物如尼斯湖水怪。\n',62,97,203,203,'2021-12-13 19:21:38','2021-12-13 19:21:38'),(207,'同样也不列举古籍，例如山海经等当中所记载的动物。\n',62,97,203,203,'2021-12-13 19:21:54','2021-12-13 19:21:54'),(208,'红吸血蝠。\n具体故事可以参考汤恩·维尔的百度百科，这里不一一赘述。\n根据传说，在印度印度塔尔沙漠西部有个古老的小镇,小镇的东端矗立着一座令人毛骨悚然的“死亡之堡”。凡是到此处休息的人最终都会莫名其妙的死去。而真凶其实是一只（有的版本里是一群）红色的吸血蝙蝠。这种蝙蝠有一个针状的长嘴，能够插入到人畜的脑袋之中吸食脑髓，并且还能分泌麻醉汁液使之昏迷。最后被一个名叫汤恩维尔的科学家设计抓住。\n仔细想想，这个故事简直漏洞百出。\n首先故事里提到的主人公汤恩维尔，这个名字出现的地方全都是这个故事里，其他地方则完全没有提到。故事当中的汤恩维尔是英国剑桥大学著名的生物学家，怎么可能一点关于他消息都没有？这只能说明此人根本就不存在。而且故事当中说汤恩是研究红吸血蝠的专家，那也就是说其他地方也该有类似古堡里的这种吸血蝙蝠。然而故事里还提到这种古堡里的吸血蝙蝠是变异了的，这也就意味着只有这个古堡里有这种吸血蝙蝠，这不是矛盾吗？\n第二，故事里提到由著名的英国探险家乔治·威尔斯率领他的探险队曾经进入过死亡古堡，结果同样遭遇毒手。这个乔治威尔斯同样我也完全没查到。倒是有一个挺有名的人叫赫伯·乔治·威尔斯的，然而他却是个小说家，同时他是在伦敦去世的，和印度死亡古堡八杆子打不着。根据故事描述，乔治和汤恩还是好朋友，乔治在进入古堡之前还给汤恩写过信叫他来。这也就是说乔治对红吸血蝙蝠也有一定的了解，然而他最终却根本没有找到有效的对付蝙蝠的手段。那么他为什么就不能再多等几天等汤恩来一块对付蝙蝠？就算像故事里一样缺钱他也没必要白白送死吧。\n其他漏洞还有一大堆。\n再从生物学角度分析，我就不吐槽蝙蝠的嘴是怎么进化成类似蚊子的吸管形状，以及这嘴居然比美洲豹的牙还厉害，能够直接刺穿头骨了。而且有好好的且容易获得的血液，为何要改吸难以获得的脑髓呢？\n',62,97,NULL,NULL,'2021-12-13 19:22:23','2021-12-13 19:22:23'),(209,'还有龙，凤，麒麟。。。',66,97,NULL,NULL,'2021-12-13 19:23:24','2021-12-13 19:23:24'),(210,'始祖鸟据说也是杜撰的，你这清单里有么\n',82,97,NULL,NULL,'2021-12-13 19:31:28','2021-12-13 19:31:28'),(211,'2、使用步骤\n\n首先去WeUI WeUI将包下载到本地，\n在这里插入图片描述\n下载之后将包中的dist文件夹导入微信开发者工具中\n',85,98,NULL,NULL,'2021-12-13 21:47:09','2021-12-13 21:47:09'),(212,'下载之后将包中的dist文件夹导入微信开发者工具中\n在这里插入图片描述\n\n之后你就会看到这个界面\n在这里插入图片描述\n回到下载的代码包，将weui.wxss复制到自己的项目当中，目录结构看图。\n',85,98,NULL,NULL,'2021-12-13 21:49:16','2021-12-13 21:49:16'),(213,'接下来在需要使用WeUI组件的页面中导入文件即可\n',85,98,NULL,NULL,'2021-12-13 21:50:26','2021-12-13 21:50:26'),(214,'然后可以直接用了吧',74,98,NULL,NULL,'2021-12-13 21:51:16','2021-12-13 21:51:16'),(215,'2)))))   cmd    数字雨\n\n第一步    \n\n创建一个记事本\n\n在里面添加东西\n\n\n\ntime.sleep()  进去了会让你输时间   你输一次就走一回(可以去掉)\n\n第二步\n\n修改文件类型\n\n\n\n最后点击进入就可以了\n',71,99,NULL,NULL,'2021-12-13 21:56:13','2021-12-13 21:56:13'),(216,'3)))))   一箭穿心     \n\n在pycharm里面运行\n\n第一先写代码\n\n\nfrom turtle import *\ncolor(\"black\",\"red\")\npensize(5)\nbegin_fill()\npenup()\ngoto(50,50)\npendown()\nright(45)\ngoto(100,0)\nleft(90)\nfd(120)\ncircle(50,225)\npenup()\ngoto(0,0)\npendown()\nleft(135)\nfd(120)\ncircle(50,225)\nseth(90)\ncircle(50,225)\nfd(121)\nend_fill()\nleft(56)\npenup()\ngoto(-210,40)\npendown()\ngoto(0,80)\npenup()\ngoto(160,110)\npendown()\ngoto(320,140)\n一箭穿心代码\n最后运行就出来了\n\n\n\n \n',71,99,NULL,NULL,'2021-12-13 21:56:49','2021-12-13 21:56:49'),(217,'??',71,47,NULL,NULL,'2021-12-13 22:13:35','2021-12-13 22:13:35'),(218,'11111',5,66,NULL,NULL,'2021-12-18 14:05:15','2021-12-18 14:05:15'),(219,'222',5,66,106,107,'2021-12-18 14:05:27','2021-12-18 14:05:27'),(220,'sa',49,70,113,113,'2021-12-21 21:43:53','2021-12-21 21:43:53');

/*Table structure for table `comment_like_user` */

DROP TABLE IF EXISTS `comment_like_user`;

CREATE TABLE `comment_like_user` (
  `comment_id` int(11) NOT NULL,
  `user_id` int(11) NOT NULL,
  `createAt` timestamp NOT NULL DEFAULT CURRENT_TIMESTAMP,
  `updateAt` timestamp NOT NULL DEFAULT CURRENT_TIMESTAMP ON UPDATE CURRENT_TIMESTAMP,
  PRIMARY KEY (`comment_id`,`user_id`),
  KEY `user_id` (`user_id`),
  CONSTRAINT `comment_like_user_ibfk_1` FOREIGN KEY (`comment_id`) REFERENCES `comment` (`id`) ON DELETE CASCADE ON UPDATE CASCADE,
  CONSTRAINT `comment_like_user_ibfk_2` FOREIGN KEY (`user_id`) REFERENCES `user` (`id`) ON DELETE CASCADE ON UPDATE CASCADE
) ENGINE=InnoDB DEFAULT CHARSET=utf8mb4 COLLATE=utf8mb4_0900_ai_ci;

/*Data for the table `comment_like_user` */

insert  into `comment_like_user`(`comment_id`,`user_id`,`createAt`,`updateAt`) values (1,33,'2021-12-12 20:38:05','2021-12-12 20:38:05'),(6,33,'2021-12-12 20:54:29','2021-12-12 20:54:29'),(16,26,'2021-12-12 21:10:58','2021-12-12 21:10:58'),(19,25,'2021-12-12 21:12:24','2021-12-12 21:12:24'),(37,88,'2021-12-12 22:16:57','2021-12-12 22:16:57'),(37,89,'2021-12-12 22:11:51','2021-12-12 22:11:51'),(42,81,'2021-12-12 22:15:17','2021-12-12 22:15:17'),(43,88,'2021-12-12 22:17:00','2021-12-12 22:17:00'),(58,77,'2021-12-13 15:42:34','2021-12-13 15:42:34'),(69,77,'2021-12-13 15:42:32','2021-12-13 15:42:32'),(72,80,'2021-12-13 15:39:30','2021-12-13 15:39:30'),(74,49,'2021-12-13 15:43:26','2021-12-13 15:43:26'),(74,74,'2021-12-13 15:44:27','2021-12-13 15:44:27'),(79,33,'2021-12-13 15:55:56','2021-12-13 15:55:56'),(79,60,'2021-12-13 15:57:25','2021-12-13 15:57:25'),(80,60,'2021-12-13 15:57:24','2021-12-13 15:57:24'),(81,78,'2021-12-13 16:01:07','2021-12-13 16:01:07'),(81,88,'2021-12-13 16:03:55','2021-12-13 16:03:55'),(93,7,'2021-12-13 16:20:27','2021-12-13 16:20:27'),(103,23,'2021-12-13 16:49:46','2021-12-13 16:49:46'),(112,41,'2021-12-13 17:06:20','2021-12-13 17:06:20'),(128,63,'2021-12-13 17:19:47','2021-12-13 17:19:47'),(128,69,'2021-12-13 17:18:58','2021-12-13 17:18:58'),(128,76,'2021-12-13 17:20:38','2021-12-13 17:20:38'),(129,76,'2021-12-13 17:20:50','2021-12-13 17:20:50'),(139,90,'2021-12-13 17:25:24','2021-12-13 17:25:24'),(140,81,'2021-12-13 17:31:03','2021-12-13 17:31:03'),(140,90,'2021-12-13 17:30:02','2021-12-13 17:30:02'),(154,89,'2021-12-13 17:57:31','2021-12-13 17:57:31'),(156,36,'2021-12-13 18:14:14','2021-12-13 18:14:14'),(156,86,'2021-12-13 18:17:30','2021-12-13 18:17:30'),(159,36,'2021-12-13 18:14:16','2021-12-13 18:14:16'),(159,86,'2021-12-13 18:17:33','2021-12-13 18:17:33'),(160,36,'2021-12-13 18:14:20','2021-12-13 18:14:20'),(160,86,'2021-12-13 18:17:26','2021-12-13 18:17:26'),(161,36,'2021-12-13 18:14:19','2021-12-13 18:14:19'),(163,36,'2021-12-13 18:14:21','2021-12-13 18:14:21'),(167,60,'2021-12-13 18:22:21','2021-12-13 18:22:21'),(173,51,'2021-12-13 18:29:53','2021-12-13 18:29:53'),(174,51,'2021-12-13 18:30:50','2021-12-13 18:30:50'),(176,30,'2021-12-13 18:34:18','2021-12-13 18:34:18'),(194,7,'2021-12-13 18:56:14','2021-12-13 18:56:14'),(196,26,'2021-12-13 19:07:07','2021-12-13 19:07:07');

/*Table structure for table `comment_pictrue` */

DROP TABLE IF EXISTS `comment_pictrue`;

CREATE TABLE `comment_pictrue` (
  `id` int(11) NOT NULL AUTO_INCREMENT,
  `filename` varchar(100) NOT NULL,
  `mimetype` varchar(30) DEFAULT NULL,
  `size` int(11) DEFAULT NULL,
  `comment_id` int(11) DEFAULT NULL,
  `user_id` int(11) DEFAULT NULL,
  `createAt` timestamp NOT NULL DEFAULT CURRENT_TIMESTAMP,
  `updateAt` timestamp NOT NULL DEFAULT CURRENT_TIMESTAMP ON UPDATE CURRENT_TIMESTAMP,
  PRIMARY KEY (`id`),
  UNIQUE KEY `filename` (`filename`),
  KEY `comment_id` (`comment_id`),
  KEY `user_id` (`user_id`),
  CONSTRAINT `comment_pictrue_ibfk_1` FOREIGN KEY (`comment_id`) REFERENCES `comment` (`id`) ON DELETE CASCADE ON UPDATE CASCADE,
  CONSTRAINT `comment_pictrue_ibfk_2` FOREIGN KEY (`user_id`) REFERENCES `user` (`id`) ON DELETE CASCADE ON UPDATE CASCADE
) ENGINE=InnoDB AUTO_INCREMENT=29 DEFAULT CHARSET=utf8mb4 COLLATE=utf8mb4_0900_ai_ci;

/*Data for the table `comment_pictrue` */

insert  into `comment_pictrue`(`id`,`filename`,`mimetype`,`size`,`comment_id`,`user_id`,`createAt`,`updateAt`) values (1,'869f9d5bbd26a852bd95c9d9d6976d54','image/jpeg',20961,5,33,'2021-12-12 20:42:01','2021-12-12 20:42:01'),(2,'02b5bdc47c804abd0b5dc00549a02937','image/jpeg',31006,51,21,'2021-12-12 22:25:20','2021-12-12 22:25:20'),(3,'3c065120343705461e913dd2b3516fdf','image/jpeg',11735,103,23,'2021-12-13 16:49:40','2021-12-13 16:49:40'),(4,'1dbc5d3d056470f1e8a97b01c65fbbae','image/jpeg',38937,103,23,'2021-12-13 16:49:40','2021-12-13 16:49:40'),(5,'51adeb6e2ce5e3bb25f57e2705a2c423','image/jpeg',30245,103,23,'2021-12-13 16:49:40','2021-12-13 16:49:40'),(6,'0aa36e485c2d3e4023a3de5206c6297a','image/jpeg',27933,127,42,'2021-12-13 17:14:52','2021-12-13 17:14:52'),(7,'c76db440e7b3ec36994039f55efb311e','image/jpeg',81453,138,90,'2021-12-13 17:24:51','2021-12-13 17:24:51'),(8,'4c094ba8644608950a96fe0ed62ba0d5','image/jpeg',127870,140,90,'2021-12-13 17:29:52','2021-12-13 17:29:52'),(9,'27a415dcc9334a40047d4bd81dd97a68','image/jpeg',127897,140,90,'2021-12-13 17:29:52','2021-12-13 17:29:52'),(10,'74ac15483a66eb2e3b706565c53ccc92','image/jpeg',72013,140,90,'2021-12-13 17:29:52','2021-12-13 17:29:52'),(11,'f5ec3abc02593b8e27ef1e8f2dcbb745','image/jpeg',63750,154,89,'2021-12-13 17:57:28','2021-12-13 17:57:28'),(12,'6992d9cd9fe7d1f919cb0aba9a40e7c4','image/jpeg',47086,168,59,'2021-12-13 18:21:28','2021-12-13 18:21:28'),(13,'b694729f19f97d573388d387f304b4d9','image/jpeg',20940,172,51,'2021-12-13 18:28:42','2021-12-13 18:28:42'),(14,'52b9010f933da3f2df8e79f0d3cb0346','image/jpeg',39666,173,51,'2021-12-13 18:29:50','2021-12-13 18:29:50'),(15,'ea3bb7370897221f3275efb3ae21a353','image/jpeg',12221,173,51,'2021-12-13 18:29:50','2021-12-13 18:29:50'),(16,'6abfd34fb6ed513145bc6a1726126d86','image/jpeg',21008,174,51,'2021-12-13 18:30:38','2021-12-13 18:30:38'),(17,'40600eee29f3efa09fdaaf5dde024daa','image/jpeg',51017,195,7,'2021-12-13 18:58:54','2021-12-13 18:58:54'),(18,'20b945bed1374db86aed7a4c187284d3','image/jpeg',32858,195,7,'2021-12-13 18:58:54','2021-12-13 18:58:54'),(19,'e3ae6d27741dc8a49000628a4e6fb6f6','image/jpeg',45852,195,7,'2021-12-13 18:58:54','2021-12-13 18:58:54'),(20,'8449024ee83ecff466cf787d92addc85','image/jpeg',93734,198,46,'2021-12-13 19:10:13','2021-12-13 19:10:13'),(21,'c12c6af5031396cfccf4f29e15aa169d','image/jpeg',36185,201,44,'2021-12-13 19:14:07','2021-12-13 19:14:07'),(22,'0ade82c1b3f7c0951f109c1a7bd3c9d5','image/jpeg',67583,201,44,'2021-12-13 19:14:07','2021-12-13 19:14:07'),(23,'bf7d139adb087aa4b7301c8b5e337886','image/jpeg',29643,202,44,'2021-12-13 19:14:52','2021-12-13 19:14:52'),(24,'74b20f4f71b461c69ae3f119acf2e948','image/jpeg',25372,211,85,'2021-12-13 21:47:09','2021-12-13 21:47:09'),(25,'4a525d018c806f17837459925c5fc412','image/jpeg',23673,212,85,'2021-12-13 21:49:16','2021-12-13 21:49:16'),(26,'e4986037183f1b96173fd1e18d6acc8c','image/jpeg',104991,212,85,'2021-12-13 21:49:16','2021-12-13 21:49:16'),(27,'2473d1d9f189c403c4fc85d465ae4544','image/jpeg',36993,212,85,'2021-12-13 21:49:16','2021-12-13 21:49:16'),(28,'7467fef7f62edd0013a731745ada04fd','image/jpeg',34430,213,85,'2021-12-13 21:50:26','2021-12-13 21:50:26');

/*Table structure for table `new_notice_status` */

DROP TABLE IF EXISTS `new_notice_status`;

CREATE TABLE `new_notice_status` (
  `id` int(11) NOT NULL AUTO_INCREMENT,
  `reply` int(11) DEFAULT '0',
  `focus` int(11) DEFAULT '0',
  `user_id` int(11) DEFAULT NULL,
  `createAt` timestamp NOT NULL DEFAULT CURRENT_TIMESTAMP,
  `updateAt` timestamp NOT NULL DEFAULT CURRENT_TIMESTAMP ON UPDATE CURRENT_TIMESTAMP,
  PRIMARY KEY (`id`),
  KEY `user_id` (`user_id`),
  CONSTRAINT `new_notice_status_ibfk_1` FOREIGN KEY (`user_id`) REFERENCES `user` (`id`) ON DELETE CASCADE ON UPDATE CASCADE
) ENGINE=InnoDB AUTO_INCREMENT=43 DEFAULT CHARSET=utf8mb4 COLLATE=utf8mb4_0900_ai_ci;

/*Data for the table `new_notice_status` */

insert  into `new_notice_status`(`id`,`reply`,`focus`,`user_id`,`createAt`,`updateAt`) values (2,1,1,1,'2021-12-12 16:50:42','2021-12-12 22:02:15'),(3,1,1,2,'2021-12-12 20:58:31','2021-12-12 21:02:44'),(4,0,0,25,'2021-12-12 21:05:48','2021-12-12 21:11:32'),(5,1,0,18,'2021-12-12 21:08:12','2021-12-12 21:08:12'),(6,1,0,26,'2021-12-12 21:11:57','2021-12-12 21:11:57'),(7,1,0,35,'2021-12-12 21:32:57','2021-12-12 21:32:57'),(8,0,0,16,'2021-12-12 21:33:42','2021-12-13 14:45:11'),(9,1,0,27,'2021-12-12 21:34:09','2021-12-12 21:34:09'),(10,1,0,58,'2021-12-12 21:38:58','2021-12-12 21:38:58'),(11,1,0,75,'2021-12-12 21:39:37','2021-12-12 21:39:37'),(12,0,0,71,'2021-12-12 21:55:26','2021-12-13 21:57:58'),(13,1,0,31,'2021-12-12 21:59:57','2021-12-13 16:20:18'),(14,1,0,81,'2021-12-12 22:11:46','2021-12-12 22:11:46'),(15,1,0,21,'2021-12-12 22:27:28','2021-12-12 22:27:28'),(16,1,0,17,'2021-12-13 14:40:38','2021-12-13 14:40:38'),(17,1,0,73,'2021-12-13 15:39:28','2021-12-13 15:39:28'),(18,1,0,34,'2021-12-13 15:47:53','2021-12-13 15:47:53'),(19,1,0,78,'2021-12-13 16:03:04','2021-12-13 16:03:04'),(20,0,0,4,'2021-12-13 16:12:07','2021-12-13 22:29:41'),(21,1,0,15,'2021-12-13 16:27:39','2021-12-13 16:27:39'),(22,1,0,12,'2021-12-13 16:40:29','2021-12-13 16:40:29'),(23,0,0,5,'2021-12-13 16:55:19','2021-12-18 14:07:38'),(24,1,0,8,'2021-12-13 16:56:57','2021-12-13 16:56:57'),(25,1,0,38,'2021-12-13 17:06:18','2021-12-13 17:06:18'),(26,1,0,42,'2021-12-13 17:10:08','2021-12-13 17:10:08'),(27,1,0,65,'2021-12-13 17:12:38','2021-12-13 17:12:38'),(28,1,0,61,'2021-12-13 17:17:50','2021-12-13 17:17:50'),(29,1,0,50,'2021-12-13 17:18:38','2021-12-13 17:18:38'),(30,1,0,90,'2021-12-13 17:30:54','2021-12-13 17:30:54'),(31,1,0,59,'2021-12-13 17:43:03','2021-12-13 17:43:03'),(32,1,0,54,'2021-12-13 17:51:58','2021-12-13 17:51:58'),(33,1,0,39,'2021-12-13 17:52:20','2021-12-13 17:52:20'),(34,1,0,86,'2021-12-13 18:09:08','2021-12-13 18:09:08'),(35,1,0,83,'2021-12-13 18:11:26','2021-12-13 18:11:26'),(36,1,0,72,'2021-12-13 18:16:16','2021-12-13 18:16:16'),(37,0,0,49,'2021-12-13 18:17:10','2021-12-18 14:13:13'),(38,0,0,60,'2021-12-13 18:20:19','2021-12-18 14:16:45'),(39,1,0,64,'2021-12-13 18:22:16','2021-12-13 18:22:16'),(40,1,0,62,'2021-12-13 19:23:24','2021-12-13 19:23:24'),(41,1,0,85,'2021-12-13 21:51:16','2021-12-13 21:51:16'),(42,0,0,6,'2021-12-18 14:11:05','2021-12-18 14:11:05');

/*Table structure for table `pictrue` */

DROP TABLE IF EXISTS `pictrue`;

CREATE TABLE `pictrue` (
  `id` int(11) NOT NULL AUTO_INCREMENT,
  `filename` varchar(100) NOT NULL,
  `mimetype` varchar(30) DEFAULT NULL,
  `size` int(11) DEFAULT NULL,
  `user_id` int(11) DEFAULT NULL,
  `name` varchar(200) DEFAULT NULL,
  `createAt` timestamp NOT NULL DEFAULT CURRENT_TIMESTAMP,
  `updateAt` timestamp NOT NULL DEFAULT CURRENT_TIMESTAMP ON UPDATE CURRENT_TIMESTAMP,
  PRIMARY KEY (`id`),
  UNIQUE KEY `filename` (`filename`),
  KEY `user_id` (`user_id`),
  CONSTRAINT `pictrue_ibfk_1` FOREIGN KEY (`user_id`) REFERENCES `user` (`id`) ON DELETE CASCADE ON UPDATE CASCADE
) ENGINE=InnoDB AUTO_INCREMENT=9 DEFAULT CHARSET=utf8mb4 COLLATE=utf8mb4_0900_ai_ci;

/*Data for the table `pictrue` */

insert  into `pictrue`(`id`,`filename`,`mimetype`,`size`,`user_id`,`name`,`createAt`,`updateAt`) values (1,'602340495412ee2a5d934436dbed93dc','image/jpeg',49044,1,'banner','2021-12-22 14:41:39','2021-12-22 14:41:39'),(2,'79a693fbc662fb9e34249f7a7f5bf695','image/jpeg',18645,1,'banner','2021-12-22 14:41:39','2021-12-22 14:41:39'),(3,'b1f01430dd852cb6b3eaddf106162039','image/jpeg',89370,1,'banner','2021-12-22 14:41:39','2021-12-22 14:41:39'),(4,'e53e1ba60f330da84a24a47f3c0531b9','image/jpeg',16291,1,'banner','2021-12-22 14:41:39','2021-12-22 14:41:39'),(5,'d0308292d9066209a98c157146b6a8b2','image/jpeg',270790,1,'banner','2021-12-22 14:41:39','2021-12-22 14:41:39'),(6,'ac10a226d4ecf75afd266294b8e801ff','image/jpeg',38982,1,'banner','2021-12-22 14:41:39','2021-12-22 14:41:39'),(7,'cf85294da018a71e0491e755dfa9d110','image/jpeg',26857,1,'banner','2021-12-22 14:41:39','2021-12-22 14:41:39'),(8,'94eaa87bdedaa7a4bff58a5142dff397','image/jpeg',230316,1,'banner','2021-12-22 14:41:39','2021-12-22 14:41:39');

/*Table structure for table `post` */

DROP TABLE IF EXISTS `post`;

CREATE TABLE `post` (
  `id` int(11) NOT NULL AUTO_INCREMENT,
  `title` varchar(50) DEFAULT NULL,
  `text` text,
  `user_id` int(11) NOT NULL,
  `tieba_id` int(11) NOT NULL,
  `rand_number` int(11) DEFAULT NULL,
  `createAt` timestamp NOT NULL DEFAULT CURRENT_TIMESTAMP,
  `updateAt` timestamp NOT NULL DEFAULT CURRENT_TIMESTAMP ON UPDATE CURRENT_TIMESTAMP,
  PRIMARY KEY (`id`),
  KEY `user_id` (`user_id`),
  KEY `tieba_id` (`tieba_id`),
  CONSTRAINT `post_ibfk_1` FOREIGN KEY (`user_id`) REFERENCES `user` (`id`) ON DELETE CASCADE ON UPDATE CASCADE,
  CONSTRAINT `post_ibfk_2` FOREIGN KEY (`tieba_id`) REFERENCES `tieba` (`id`) ON DELETE CASCADE ON UPDATE CASCADE
) ENGINE=InnoDB AUTO_INCREMENT=101 DEFAULT CHARSET=utf8mb4 COLLATE=utf8mb4_0900_ai_ci;

/*Data for the table `post` */

insert  into `post`(`id`,`title`,`text`,`user_id`,`tieba_id`,`rand_number`,`createAt`,`updateAt`) values (2,'【欢迎来到‘贴吧’吧】','为了更好的发展贴吧，希望大家自觉维持吧内秩序，非常感谢大家对我们的关注与支持！',1,1,NULL,'2021-12-12 15:56:26','2021-12-12 15:56:26'),(3,NULL,'【通知】 欢迎创建做人吧！快邀请你的小伙伴来发贴吧！',2,2,NULL,'2021-12-12 16:18:35','2021-12-12 16:19:53'),(5,NULL,'【通知】 欢迎创建web前端吧！快邀请你的小伙伴来发贴吧！',2,3,NULL,'2021-12-12 16:56:24','2021-12-12 16:56:24'),(6,NULL,'【通知】 欢迎创建javascrip吧！快邀请你的小伙伴来发贴吧！',2,4,NULL,'2021-12-12 17:06:24','2021-12-12 17:06:24'),(7,NULL,'【通知】 欢迎创建java吧！快邀请你的小伙伴来发贴吧！',2,5,NULL,'2021-12-12 17:09:36','2021-12-12 17:09:36'),(8,NULL,'【通知】 欢迎创建python吧！快邀请你的小伙伴来发贴吧！',2,6,NULL,'2021-12-12 17:12:54','2021-12-12 17:12:54'),(9,NULL,'【通知】 欢迎创建c语言吧！快邀请你的小伙伴来发贴吧！',2,7,NULL,'2021-12-12 17:17:28','2021-12-12 17:17:28'),(10,NULL,'【通知】 欢迎创建编程吧！快邀请你的小伙伴来发贴吧！',2,8,NULL,'2021-12-12 17:22:43','2021-12-12 17:22:43'),(11,NULL,'【通知】 欢迎创建手机吧！快邀请你的小伙伴来发贴吧！',2,9,NULL,'2021-12-12 17:28:16','2021-12-12 17:28:16'),(12,NULL,'【通知】 欢迎创建4G吧！快邀请你的小伙伴来发贴吧！',2,10,NULL,'2021-12-12 17:32:29','2021-12-12 17:32:29'),(13,NULL,'【通知】 欢迎创建数码吧！快邀请你的小伙伴来发贴吧！',2,11,NULL,'2021-12-12 17:35:57','2021-12-12 17:35:57'),(14,NULL,'【通知】 欢迎创建热议吧！快邀请你的小伙伴来发贴吧！',2,12,NULL,'2021-12-12 17:39:49','2021-12-12 17:39:49'),(15,NULL,'【通知】 欢迎创建幸福吧！快邀请你的小伙伴来发贴吧！',2,13,NULL,'2021-12-12 17:43:52','2021-12-12 17:43:52'),(16,NULL,'【通知】 欢迎创建健身吧！快邀请你的小伙伴来发贴吧！',2,14,NULL,'2021-12-12 17:48:01','2021-12-12 17:48:01'),(17,NULL,'【通知】 欢迎创建笑话吧！快邀请你的小伙伴来发贴吧！',2,15,NULL,'2021-12-12 17:53:11','2021-12-12 17:53:11'),(18,NULL,'【通知】 欢迎创建自信吧！快邀请你的小伙伴来发贴吧！',2,16,NULL,'2021-12-12 17:55:53','2021-12-12 17:55:53'),(19,NULL,'【通知】 欢迎创建上班吧！快邀请你的小伙伴来发贴吧！',2,17,NULL,'2021-12-12 17:58:55','2021-12-12 17:58:55'),(20,NULL,'【通知】 欢迎创建面试吧！快邀请你的小伙伴来发贴吧！',2,18,NULL,'2021-12-12 18:03:00','2021-12-12 18:03:00'),(21,NULL,'【通知】 欢迎创建知识吧！快邀请你的小伙伴来发贴吧！',2,19,NULL,'2021-12-12 18:09:19','2021-12-12 18:09:19'),(22,NULL,'【通知】 欢迎创建益智游戏吧！快邀请你的小伙伴来发贴吧！',2,20,NULL,'2021-12-12 18:12:20','2021-12-12 18:12:20'),(23,NULL,'【通知】 欢迎创建大学吧！快邀请你的小伙伴来发贴吧！',2,21,NULL,'2021-12-12 18:16:47','2021-12-12 18:16:47'),(24,NULL,'【通知】 欢迎创建绿色食品吧！快邀请你的小伙伴来发贴吧！',2,22,NULL,'2021-12-12 18:23:01','2021-12-12 18:23:01'),(25,NULL,'【通知】 欢迎创建跑步吧！快邀请你的小伙伴来发贴吧！',2,23,NULL,'2021-12-12 18:26:06','2021-12-12 18:26:06'),(26,NULL,'【通知】 欢迎创建国家吧！快邀请你的小伙伴来发贴吧！',2,24,NULL,'2021-12-12 18:34:08','2021-12-12 18:34:08'),(27,NULL,'【通知】 欢迎创建代码吧！快邀请你的小伙伴来发贴吧！',2,25,NULL,'2021-12-12 18:40:27','2021-12-12 18:40:27'),(28,NULL,'【通知】 欢迎创建购物吧！快邀请你的小伙伴来发贴吧！',2,26,NULL,'2021-12-12 18:45:17','2021-12-12 18:45:17'),(29,NULL,'【通知】 欢迎创建电脑吧！快邀请你的小伙伴来发贴吧！',2,27,NULL,'2021-12-12 18:48:43','2021-12-12 18:48:43'),(30,NULL,'【通知】 欢迎创建就业吧！快邀请你的小伙伴来发贴吧！',2,28,NULL,'2021-12-12 18:52:54','2021-12-12 18:52:54'),(31,NULL,'【通知】 欢迎创建小说吧！快邀请你的小伙伴来发贴吧！',2,29,NULL,'2021-12-12 18:57:22','2021-12-12 18:57:22'),(32,NULL,'【通知】 欢迎创建大数据吧！快邀请你的小伙伴来发贴吧！',2,30,NULL,'2021-12-12 19:01:16','2021-12-12 19:01:16'),(33,NULL,'【通知】 欢迎创建企业吧！快邀请你的小伙伴来发贴吧！',2,31,NULL,'2021-12-12 19:19:14','2021-12-12 19:19:14'),(34,NULL,'【通知】 欢迎创建mysql吧！快邀请你的小伙伴来发贴吧！',2,32,NULL,'2021-12-12 19:35:48','2021-12-12 19:35:48'),(35,NULL,'【通知】 欢迎创建数据结构与算法吧！快邀请你的小伙伴来发贴吧！',2,33,NULL,'2021-12-12 19:40:31','2021-12-12 19:40:31'),(36,NULL,'【通知】 欢迎创建动物吧！快邀请你的小伙伴来发贴吧！',2,34,NULL,'2021-12-12 19:45:55','2021-12-12 19:45:55'),(37,NULL,'【通知】 欢迎创建小程序吧！快邀请你的小伙伴来发贴吧！',2,35,NULL,'2021-12-12 19:51:06','2021-12-12 19:51:06'),(38,NULL,'【通知】 欢迎创建vue吧！快邀请你的小伙伴来发贴吧！',2,36,NULL,'2021-12-12 20:00:56','2021-12-12 20:00:56'),(39,NULL,'【通知】 欢迎创建网络安全吧！快邀请你的小伙伴来发贴吧！',2,37,NULL,'2021-12-12 20:05:49','2021-12-12 20:05:49'),(40,NULL,'【通知】 欢迎创建生命吧！快邀请你的小伙伴来发贴吧！',2,38,NULL,'2021-12-12 20:09:58','2021-12-12 20:09:58'),(41,NULL,'【通知】 欢迎创建秋天吧！快邀请你的小伙伴来发贴吧！',2,39,NULL,'2021-12-12 20:12:57','2021-12-12 20:12:57'),(42,'目前java后端有哪些不是很有必要去学的？','JavaEE框架，从百家混战到现在Spring基本一统天下。\nWeb开发，从标配的SSH到现在SpirngMVC + MyBatis组合。\nIDE，从当年如火如荼的JBuilder到Eclipse，再到更好用的IDEA。\n。。。。\n主要谈一下哪些Java知识“已经过时”，没必要继续学习了。\n我判断的依据主要有以下几点：\n1、实际开发能否用到？\n2、是否有助于加深对技术的理解？\n3、对面试是否有用？\n',33,5,NULL,'2021-12-12 20:37:32','2021-12-12 20:37:32'),(43,'JS元素scroll系列属性','scroll 翻译过来就是滚动的，我们使用 scroll 系列的相关属性可以动态的得到该元素的大小、滚动距离等。mouseenter和mouseover的区别\n当鼠标移动到元素上时就会触发 mouseenter 事件\n类似 mouseover，它们两者之间的差别是\nmouseover 鼠标经过自身盒子会触发，经过子盒子还会触发。 mouseenter 只会经过自身盒子触发\n之所以这样，就是因为mouseenter不会冒泡\n跟mouseenter搭配 鼠标离开 mouseleave 同样不会冒泡\n',16,4,NULL,'2021-12-12 20:58:12','2021-12-12 20:58:12'),(44,'关于javascript的好书有哪些？','大伙们推举下',25,4,NULL,'2021-12-12 21:04:44','2021-12-12 21:04:44'),(45,'如何评价javascript这门语言呢？',NULL,35,4,NULL,'2021-12-12 21:31:21','2021-12-12 21:31:21'),(46,'如图功能如何实现',NULL,66,4,NULL,'2021-12-12 21:41:38','2021-12-12 21:41:38'),(47,'如何用dom实现以下操作','在flag位置报错',71,4,NULL,'2021-12-12 21:54:41','2021-12-12 21:54:41'),(48,'JS BOM中的window对象','window对象：是BOM中所有对象的核心，同时也是BOM中所有对象的父对象。\n定义在全局作用域中的变量、函数以及JavaScript中的内置函数都可以被window对象调用。【图片】定义在全局作用域中的getArea()函数，函数体内的this关键字指向window对象。\n对于window对象的属性和方法在调用时可以省略window，直接访问其属性和方法即可。\n在JavaScript中直接使用一个未声明的变量会报语法错误，但是使用“window.变量名”的方式则不会报错，而是获得一个undefined结果。\nwindow对象中除了前面提过的alert()和prompt()方法外，还提供了很多弹出对话框和窗口的方法，以及相关的操作属性。【图片】\n',73,4,NULL,'2021-12-12 22:04:43','2021-12-12 22:04:43'),(49,'自己对js的一些总结','和吧友们分享一下',81,4,NULL,'2021-12-12 22:09:36','2021-12-12 22:09:36'),(50,'为什么那么多自学前端的后来都放弃了，总结下这些问题','目前信息化产业发展势头很好，互联网就成为了很多普通人想要涉及的行业，因为相比于传统行业，互联网行业涨薪幅度大，机会也多，所以就会大批的人想要转行来学习web前端开发。目前来讲市场上需要的web前端人员非常多，而且按照现在的势头，以后会需要更多的web前端开发人员，理由是以后每个人公司都会有自己的网站，有自己的开发部，对于用户体验看的非常重要。所以web前端程序员就会很吃香。随时时间的推移，企业对于web前端开发者的要求也在不断提高，互联网公司注重效率，所以不会培养新人，所以想要从事web前端开发，就要从开始靠我们自己学到技术，以后的竞争会越来越激烈。优胜劣汰，物竞天择，适者生存。\n\n',21,4,NULL,'2021-12-12 22:22:10','2021-12-12 22:22:10'),(51,'【分享】10个web前端开发者都应该知道的网站','分享一下几个常用的提升web效率的网站！',17,3,NULL,'2021-12-13 14:36:20','2021-12-13 14:36:20'),(52,'如何做循序渐进的学习前端开发【书籍+经验】','最近在很多群里看见有新人问「怎么学习前端？」前端怎么学。没有一个标准的答案，这是因人而异的。我们需要做的是不断找到适合自己的学习方法，程序员这个行业不是你入门了找到一个工作就完，这仅仅是个开始。下面的一些是小编我觉得不错的学习方法\n0. 熟悉\n在学习这门语言之前你得知道它是什么？ 能干什么？作为前端开发者你不能和你其他行业的小伙伴一样使用什么360 UC IE之类的浏览器，Chrome才配得上你的称号。安装好Chrome 熟悉devtools。同时熟悉JavaScript，你可以通过w3cschool、菜鸟教程之类的网站，先让自己对JavaScript语法有个基本的了解\n1. 看书\n很多朋友在开始学习前端(不局限于前端)时，都是在网上找各种视频教程啃，但是这种学习往往是碎片化的，而且视频的导师都是带有自己的见解，也许他觉得很简单的一笔带过，你却不知所云。而且看视屏太慢。看书则不一样，它更为系统，书看多了，基础自然就好了。不要着急看一些复杂网页效果的代码，这样除了打击你自信心，什么也学不到。不要一来就去学习Vue react angularjs之类的库，慢慢来。\n2. 书籍推荐\n《JavaScript DOM编程艺术》这书不错 就是有点老、 但通俗易懂，简单直接\n《js高级程序设计》相对于权威指南更易读\n《js权威指南》这是我最推荐的两本书，你没看个两遍都不好意思说自己是前端\n《JavaScript语言精粹》\n《基于MVC的JavaScript Web富应用开发》不错的书，干货且易读\n《你不知道的JS》系列\n《css权威指南》\n《精通CSS:高级Web标准解决方案(第2版)》\n《css揭秘》\n看书不仅仅是看还要记要动，最直接就是跟着敲\n3. 阅读源码\n看了书后你还是会有种自己写不出来什么东西的感觉，自己做不出来就去看别人怎么做就好了，我们可以分析别人的代码，看看别人怎么写的。这儿的阅读也不是阅读，跟着敲。建议先从\nunderscore开始，读完underscore后试试读 zepto。注意：不要选那些比较大的库来阅读，选取小一点的库来学习模仿。敲代码也不是单从的敲 要理解记忆 不同就Google \n4. 实践、总结\n前面的几步 我们不光在看也是在实践，实践能让我们更加专注，也能加深记忆。看完书 敲完代码不能就这样完了，我们需要对自己所做的进行总结。开始写博客、读书笔记记录自己的学习。（也可以选择给「JavaScript之禅」投稿）\n5. 关注行业动态，参与开源社区\n不一定要去追赶新技术，但一定要知道有这东西。积极参与开源社区，贡献代码分享知识。\n不安逸，不浮躁。任何学习都不是一蹴而就的。但行好事，莫问前程\n免费领取前端必读书籍pdf大礼包: \n关注公众号【JavaScript之禅】\n回复 【资源】即可领取！\n',52,3,NULL,'2021-12-13 15:34:28','2021-12-13 15:34:28'),(53,'web前端开发的主要作用？',NULL,73,3,NULL,'2021-12-13 15:38:22','2021-12-13 15:38:22'),(54,'JavaScript要练很熟才能学vue吗？','大概练到什么程度?\n我的计划是练习几百个例子.再学vue.这样会不会浪费?\n',34,3,NULL,'2021-12-13 15:46:59','2021-12-13 15:46:59'),(55,'半路出家自学web前端，几个月得到努力没有白费','上海的一家软件公司，税前11K，五险一金，996的工作制，已经上班了一个月，说下自己的感受。\n因为我专科毕业两年，所以我包装了两年的工作经验，公司的工作技术氛围一般，业务线也比较单一，感觉在这家公司没有太大的发展，但是想在这家公司积累工作经验，等到明年初跳槽，到时候包装三年工作经验，去一家有发展前途的公司，应该可以拿到15K左右的薪资。\n',78,3,NULL,'2021-12-13 16:00:36','2021-12-13 16:00:36'),(56,'Python逆向爬虫，数据收集',NULL,4,6,NULL,'2021-12-13 16:08:58','2021-12-13 16:08:58'),(57,'自媒体下如何运用代理IP运营','谈谈独立ip在网站建设中的重要性！据不完全统计，市场上约40%的企业会选择经济空间和服务器来省钱，这部分空间和服务器往往与其他企业租赁。虽然便宜，但问题也很大。租赁服务器会带来什么不利？为什么企业更好地使用独立ip服务器？接下来，边肖将告诉你独立ip的优势。\n1、免域名绑定。\n用户可以直接在独立IP上分析域名，无需绑定到虚拟主机控制面板。\n2、降低IP被封的概率。\n避免一个网站连累一大片，关闭一个非法网站会影响一大片城门火灾影响池鱼。\n3、不受攻击的影响。\n当同一服务器上的其他虚拟客户受到攻击(如DDOS)时，独立IP虚拟主机不受影响。\n4、提高用户网站被搜索引擎收录的水平和机会。\n如果一个IP只对应一个网站，搜索引擎会评价网站的高质量，从而提高包含水平。搜索引擎更容易抓取网站页面，有利于网站推广和网络营销。\n5、可直接使用IP访问站点。\n用户可直接通过独立IP访问站点，避免一般共享IP直接使用IP访问会出错，可提升企业形象，可以实现泛域名绑定。\n长效ip、短效ip，动静态ip全国地区都有，支持免费使用，芝麻HTTP代理拥有全国160多所自建机房，安全稳定、海量资源、登录即可免费试用：https://h.zhimaruanjian.com/?utm-source=qdyl&utm-keyword=?01 \n',4,37,NULL,'2021-12-13 16:11:02','2021-12-13 16:11:02'),(58,'pythonGUI设计入门代码',NULL,22,6,NULL,'2021-12-13 16:14:39','2021-12-13 16:14:39'),(59,'python自动运行五子棋代码','from turtle import*\npendown()\npenup() #棋盘\nspeed(0)\ngoto(x=-300,y=300)\npendown()\nfd(600)\npenup()\ngoto(x=-300,y=250)\npendown()\nfd(600)\npenup()\ngoto(x=-300,y=200)\npendown()\nfd(600)\npenup()\ngoto(x=-300,y=150)\npendown()\nfd(600)\npenup()\ngoto(x=-300,y=100)\npendown()\nfd(600)\npenup()\ngoto(x=-300,y=50)\npendown()\nfd(600)\npenup()\ngoto(x=-300,y=0)\npendown()\nfd(600)\npenup()\ngoto(x=-300,y=-50)\npendown()\nfd(600)\npenup()\ngoto(x=-300,y=-100)\npendown()\nfd(600)\npenup()\ngoto(x=-300,y=-150)\npendown()\nfd(600)\npenup()\ngoto(x=-300,y=-200)\npendown()\nfd(600)\npenup()\ngoto(x=-300,y=-250)\npendown()\nfd(600)\npenup()\ngoto(x=-300,y=-300)\npendown()\nfd(600)\npenup()\ngoto(x=-300,y=300)\npendown()\nrt(90)\nfd(600)\npenup()\nlt(90)\ngoto(x=-250,y=300)\npendown()\nrt(90)\nfd(600)\npenup()\nlt(90)\ngoto(x=-200,y=300)\npendown()\nrt(90)\nfd(600)\npenup()\nlt(90)\ngoto(x=-150,y=300)\npendown()\nrt(90)\nfd(600)\npenup()\nlt(90)\ngoto(x=-100,y=300)\npendown()\nrt(90)\nfd(600)\npenup()\nlt(90)\ngoto(x=-50,y=300)\npendown()\nrt(90)\nfd(600)\npenup()\nlt(90)\ngoto(x=0,y=300)\npendown()\nrt(90)\nfd(600)\npenup()\nlt(90)\ngoto(x=50,y=300)\npendown()\nrt(90)\nfd(600)\npenup()\nlt(90)\ngoto(x=100,y=300)\npendown()\nrt(90)\nfd(600)\npenup()\nlt(90)\ngoto(x=150,y=300)\npendown()\nrt(90)\nfd(600)\npenup()\nlt(90)\ngoto(x=200,y=300)\npendown()\nrt(90)\nfd(600)\npenup()\nlt(90)\ngoto(x=250,y=300)\npendown()\nrt(90)\nfd(600)\npenup()\nlt(90)\ngoto(x=300,y=300)\npendown()\nrt(90)\nfd(600)\npenup()\nlt(90)\ngoto(x=0,y=0)\nimport turtle\ndef drawSignal(x,y):\n color(\'black\')\n dot(50)\n fd(50)\n color(\'black\')\n dot(50)\n color(\'white\')\n dot(48)\n lt(90)\n fd(50)\n color(\'black\')\n dot(50)\n lt(90)\n fd(50)\n color(\'black\')\n dot(50)\n color(\'white\')\n dot(48)\n \ndef keyUp():\n speed(0)\n t.seth(90)\n t.fd(50)\ndef keyDn():\n speed(0)\n t.seth(270)\n t.fd(50)\ndef keyLt():\n speed(0)\n t.seth(180)\n t.fd(50)\ndef keyRt():\n speed(0)\n t.seth(0)\n t.fd(50)\n \nt=turtle.Pen()\nt.screen.onkey(keyUp,\'Up\')\nt.screen.onkey(keyDn,\'Down\')\nt.screen.onkey(keyLt,\'Left\')\nt.screen.onkey(keyRt,\'Right\')\nt.screen.listen()\nt.screen.onclick(drawSignal)【图片】\n',31,6,NULL,'2021-12-13 16:16:24','2021-12-13 16:16:24'),(60,'求解答','已知图所示的有向图，使用C语言编写程序，创建该图，将代码和运行效果截图粘贴在题目下方。要求使用邻接表存储此图，邻接表存储表示如下：\n#define MVNum 100\ntypedef struct ArcNode{\n int adjvex;\n struct ArcNode *nextarc;\n OtherInfo info; \n}ArcNode;\ntypedef struct VNode{\nVerType data;\nArcNode *firstarc;\n}VNode, AdjList[MVNum];\ntypedef struct{\nAdjList vertices;\nint vexnum, arcnum;\n} ALGraph;\n',31,7,NULL,'2021-12-13 16:18:59','2021-12-13 16:18:59'),(61,'c语言自修滑铁卢',NULL,6,7,NULL,'2021-12-13 16:22:24','2021-12-13 16:22:24'),(62,'c语言中的||和&&',' \n\n|| 或操作，|| 为界将表达式分为两部分，他会先算前一部分，如果前一部分为真，他将停止运算，如果为假，他才会算第二部分，你这里第一部分就为真了，第二部分当然也就不会算了。\n例如：  a || b ，只有在前一个条件a为假，才会去判断条件b ；若条件a为真，则条件b不会执行\n\n\n&&且操作 ，&&为界将表达式分为两部分，他会先算前一部分，如果前一部分为假，他将停止运算，如果为真，他才会算第二部分，你这里第一部分就为假了，第二部分当然也就不会算了。\n例如： a && b ，只有在前一个条件a为真，才会去判断条件b ；若条件a为假，则条件b不会执行。\n\n\n\n ||或操作， a||b a或者b有一个为真时  式子就返回true，都为就假才返回false。\n\n \n\n &&且操作， a&&b a和b都为真时  式子才返回true，否则就返回false\n#include <stdio.h>\n \nint main()\n{\n	int i=1;\n	char b= i||(b = 6);\n	printf(\"%d\\n\",b);\n   \n	(b = 0) && (b=1);\n	printf(\"%d\\n\",b);\n   return\n',15,7,NULL,'2021-12-13 16:26:54','2021-12-13 16:26:54'),(63,'mysql常用命令总结','一. 连接MySQL\n格式： mysql -h主机地址 -u用户名 －p用户密码\n\n或者： mysql -u 用户名 -p // 回车后要求输入密码，密码不可见\n\n\n1、连接到本机上的MYSQL\n首先打开DOS窗口，然后进入目录mysql\\bin，再键入命令mysql -u root -p，回车后提示你输密码.注意用户名前可以有空格也可以没有空格，但是如果-p后带有用户密码，那么-p与密码之间必须没有空格，否则让你重新输入密码.例如以下都是合法的登陆：(帐号：root   密码:123)\nmysql -u root -p\nmysql -uroot -p\nmysql -uroot -p123\n\n\n如果刚安装好MYSQL，超级用户root是没有密码的，故直接回车即可进入到MYSQL中了，MYSQL的提示符是： mysql>\n',12,32,NULL,'2021-12-13 16:38:34','2021-12-13 16:38:34'),(64,'Vue简介','Vue是一套用于构建用户界面的渐进式框架。与其它大型框架不同的是，Vue 被设计为可以自底向上逐层应用。Vue 的核心库只关注视图层，不仅易于上手，还便于与第三方库或既有项目整合。另一方面，当与现代化的工具链以及各种支持类库结合使用时，Vue 也完全能够为复杂的单页应用提供驱动。\n\n声明式渲染\nVue.js 的核心是一个允许采用简洁的模板语法来声明式地将数据渲染进 DOM 的系统\n\n组件化应用构建\n组件系统是 Vue 的另一个重要概念，因为它是一种抽象，允许我们使用小型、独立和通常可复用的组件构建大型应用。仔细想想，几乎任意类型的应用界面都可以抽象为一个组件树\n\n实例生命周期钩子\n每个 Vue 实例在被创建时都要经过一系列的初始化过程——例如，需要设置数据监听、编译模板、将实例挂载到 DOM 并在数据变化时更新 DOM 等。同时在这个过程中也会运行一些叫做生命周期钩子的函数，这给了用户在不同阶段添加自己的代码的机会。\n',14,36,NULL,'2021-12-13 16:43:44','2021-12-13 16:43:44'),(65,'使用jest测试vue+ts项目的问题','我在使用Jest测试Vue-Cli+TS项目时遇到一个问题，在测试一个ts文件时，在测试文件使用相对路径导入这个ts文件时，测试没有问题，但使用在tsconfig文件里配置的paths里的路径导入时会报错找不到这个模块，如图所示：\n使用相对路径导入ts文件:测试没问题，通过：使用tsconfig文件配置的paths，即\'@Logic/\'导入，测试报错，无法找到模块：下面是tsconfig文件的配置：jest.config.js文件的配置：这是怎么回事，该怎么解决，球球各位大佬了\n',23,36,NULL,'2021-12-13 16:48:14','2021-12-13 16:48:14'),(66,'VUE知识要点总结思维导图','1、MVVM思想\n\n2、vue常见指令\n\n3、Vue生命周期的介绍\n\n4、组件间通信\n\n5、路由的使用 vue-router\n\n6、vue发送 ajax请求\n\n7、计算属性,方法与侦听器\n\n8、组件间绑定原生事件\n\n9、vue常见插件\n\n10、全局事件的绑定与解绑\n\n11、vue递归组件实现\n\n12、vue动画特效\n\n13、vue移动端开发注意点\n\n14、flex布局\n\n15、vue的事件及事件修饰符\n\n16、vue性能优化\n\n\n\n \n',5,36,NULL,'2021-12-13 16:54:02','2021-12-13 16:54:02'),(67,'百忍歌','百忍歌 （张公艺）此版为张氏家训\n忍是大人之气量，忍是君子之根本；\n能忍夏不热，能忍冬不冷：\n能忍贫亦乐，能忍寿亦永；\n贵不忍则倾，富不忍则损；\n不忍小事变大事，不忍善事终成恨；\n父子不忍失慈孝，兄弟不忍失爱敬；\n朋友不忍失义气，夫妇不忍多争竞；\n刘伶败了名，只为酒不忍；\n陈灵灭了国，只为色不忍；\n石崇破了家，只为财不忍；\n项羽送了命，只为气不忍；\n如今犯罪人，都是不知忍；\n古来创业人，谁个不是忍。\n百忍歌，歌百忍；\n仁者忍人所难忍，智者忍人所不忍。\n思前想后忍之方，装聋作哑忍之准；\n忍字可以走天下，忍字可以结邻近；\n忍得淡泊可养神，忍得饥寒可立品；\n忍得勤苦有余积，忍得荒淫无疾病；\n忍得骨肉存人伦，忍得口腹全物命；\n忍得语言免是非，忍得争斗消仇憾；\n忍得人骂不回口，他的恶口自安靖；\n忍得人打不回手，他的毒手自没劲；\n须知忍让真君子，莫说忍让是愚蠢；\n忍时人只笑痴呆，忍过人自知修省；\n就是人笑也要忍，莫听人言便不忍；\n世间愚人笑的忍，上天神明重的忍；\n我若不是固要忍，人家不是更要忍；\n事来之时最要忍，事过之后又要忍；\n人生不怕百个忍，人生只怕一不忍；\n不忍百福皆雪消，一忍万祸皆灰烬。\n',19,2,NULL,'2021-12-13 17:00:31','2021-12-13 17:00:31'),(68,'当你的父母渐渐老去','哪天，如果你看到我渐渐老去，反映慢慢迟钝，身体也渐渐不行时，请耐着性子试着了解我，理解我……\n当我吃的脏兮兮，甚至已不会穿衣服时，不要嘲笑我，耐心一点儿，记得我曾经花了多少时间教你这些事吗？如何好好地吃，好好的穿，如何面对你的生命中的第一次；\n当我一再重复说着同样的事情时，请你不要打断我，\n听我说 ：小时候，我必须一遍又一遍地读着同样的故事，直到你静静地睡着；\n当与你交谈时，忽然不知道该说什么了，给我一些时间想想。\n如果我还是无能为力，不要紧张，对我而言重要的不是说话 ，而是能跟你在一起；\n当我不想洗澡时，不要羞辱我，也不要责骂我记得小时候我曾经编出多少理由只为了哄你洗澡吗？\n当我外出，找不到家的时候，请不要生气，也不要把我一个人扔在外边 ，慢慢带我回家。记得小时候我曾经多少次因为你迷路而焦急的找你吗？\n当我神智不清不小心砸碎饭碗的时候，请不要责骂我，记得小时候你曾经多少次将饭菜扔到地上吗？\n当我的腿不听使唤时，请扶我一把，就像我当初扶着你踏出你人生的第一步；\n当哪天我告诉你我不想再活下去了，不要生气，总有一天你会了解，了解我已风烛残年来日可数。\n有一天 ，你会发现，即使我有许多过错，我总是尽我所能给你最好的；\n当我靠近你时，不要觉得感伤、生气或埋怨，你要紧挨着我，如同当初我帮着你展开人生一样。\n了解我、帮我 、扶我一把，用爱和耐心帮我走完人生，我将用微笑和我始终不变的爱来回报你；我爱你，我的孩子！\n可怜天下父母心！终于有一天，他们去世了，突然你想起了所有从来没做过的事，它们像榔头般痛击着你的心。\n如果父母仍健在，那么别忘了比以往任何时候都更深地爱着他们；如果他们已经不幸永远离开了你，那么你必须记得，父母的爱才是天底下最无私的爱。好好看看,也善待自己的父母。\n祝天下所有的父母幸福安康！\n',15,2,NULL,'2021-12-13 17:02:38','2021-12-13 17:02:38'),(69,'做一个什么样的人最好','不管什么样的人，工人也好，农民也好，做官也好，发财也好，人做得好才好，做人得做个同类人中的不美不丑、不好不坏、不大不小、不高不低、不多不少的人最好。\n',38,2,NULL,'2021-12-13 17:05:33','2021-12-13 17:05:33'),(70,'【教你为人处世的方法】','我们无法预定智商，却可以提高情商。\n　　一个杰出的人未必有着高智商，却一定有着高情商#(玫瑰) 。提高情商其实有着简而易行的方法，你需要的就是坚持。楼主很愿意跟你大家分享自己的心得经验。\n',42,2,NULL,'2021-12-13 17:08:20','2021-12-13 17:08:20'),(71,NULL,'我觉得所谓幸福是，居有所住，吃穿不愁，老婆孩子在身边，父母能共享天伦之乐，身无外债，活在当下，朝九晚五的工作，闲暇之余全家一起旅游，所以你们幸福吗？\n',61,13,NULL,'2021-12-13 17:16:48','2021-12-13 17:16:48'),(72,NULL,'每个人的生命都不断重复着这样的历程，昨天、今天、明天……在昨日，我们收获了许多经验和感悟，在今天，我们用行动将希望点燃，而明天，我们将放飞我们的梦想。今天固然是最重要的，但昨天的经历和感悟也不能忽略，因为它们是人生的积累，是今天我们做出正确选择的前提。因此，请认真去感悟你的人生吧，世界是多彩的，人生是美丽的。这种多彩与美丽是呈现给有准备去接受它而不是浑浑噩噩走过的。认真领悟生命中的每一天，领悟这世界，将会使你收获更多的感受和动力，会使你生命的意义更深刻、更美好。\n',90,13,NULL,'2021-12-13 17:22:55','2021-12-13 17:22:55'),(73,'《宇宙与生命》','第一章 宇宙的诞生和运行\n 第一节 宇宙的诞生\n 第二节 宇宙第一大循环的运行情况\n',90,38,NULL,'2021-12-13 17:28:41','2021-12-13 17:28:41'),(74,'国货之光华为，为什么那么多人喷呢？','真是想不明白，那些人天天骂华为，讽刺任正非，居心何在？华为为国人争光，难道不好吗？华为的手机业务应该只是其中一个而已，还有很多东西都是赚外国人的钱！你们说手机贵，华为的手机芯片是自己研发设计的，这个不要钱吗？小米的雷军不赚钱都财富榜前十了，为什么不自已研发芯片呢？他有什么核心技术吗？手机不是靠拼装？小米11 m是数字系列旗舰机吧？怎么那么多人说烧屏，发热的？华为的mate40麒麟9000处理器，现在发布一年了，综合性能都不输现在的任何安卓旗舰机吧？如果华为不厉害，霉国为什么要制裁它？\n',78,9,NULL,'2021-12-13 17:33:36','2021-12-13 17:33:36'),(75,'realme   GT2 核准 国内发布准备中','　　realme 此前官宣了真我 GT2 Pro 旗舰手机，搭载骁龙 8 Gen 1 处理器。数码博主 @数码闲聊站  晒出了该机的联网跑分，设备型号为 realme RMX3300，跑分成绩为 1025215 分。　目前，这款型号为 RMX3300 的设备已经通过了国家无线电核准，发证日期为 2021 年 11 月 1 日。\n',67,9,NULL,'2021-12-13 17:39:51','2021-12-13 17:39:51'),(76,'【求配置来此->电脑吧配置推举】','务必写明以下三点：\n1 预算；\n2 主要用途；\n3 显示器需求 / 显卡需求；\n额外的需求，建议咨询前提前备注，比如：\n· 游戏玩家需求的144显示器、机械键盘电竞鼠标等\n· 设计作图需求的显示器色彩还原（100% sRGB起）、大容量硬盘等\n· 影视剪辑对于显卡的需求，例如N卡所拥有的 Studio 驱动\n装机建议：当前显卡价格过高，预算不高的用户可以CPU核显先用着，等矿难\n装机建议2：现在很多3A大作容量巨大，重度游戏玩家可以一步到位直接上1TB固态硬盘，直接放弃机械硬盘\n',59,27,NULL,'2021-12-13 17:42:09','2021-12-13 17:42:09'),(77,'入手华强北airpods必看','市场上华强北版的Airpods层出不穷，从去年一直到现在，一直处于国产耳机的风口浪尖，更甚者将可以在关于本机中看到耳机序列号的华强版airpods拿到某宝当美版，欧版甚至印度版的正品来卖。小白们看过来，教你们如何擦亮双眼，识别市面上各类牛鬼蛇神airpods\n',89,11,NULL,'2021-12-13 17:55:39','2021-12-13 17:55:39'),(78,'个人简历模板选择什么样的？实用性强为主','在网上有很多的个人简历模板，但是不同的模板之间差异很大，有的模板很简单，有的模板很华丽。这两种实用性不强，而有的模板非常符合自己想要的那种，但是又要收费，究竟应该要选择什么样的模板比较好？\n \n选择实用性强的模板\n \n什么才是实用性强的模板？首先不要华丽的边框设计，也不要直线边框没有一点色彩。这两种极端都不行，前者看起来太浮夸，后者没有特色。边框外面应该带点色彩，让简历看起来没有那么单调。\n \n其次，方框的大小要适当不要留空太多，因为模板考虑到使用者的因素会留出很大的空，这样导致简历变成两页，建议选择边框选择合适的边框。\n \n最后，简历的模板要整洁。简历的模板不宜太过复杂，有的简历模板很详细，里面的内容有校内、校外经历、还有一些自我评价。可以将校内校外经历合成一个内容、自我评价其实没必要写在上面。这些会让简历看起来不专业，因此实用性强的个人简历模板不应该出现这些。\n \n收费好还是免费好\n \n有人看到自己想要的简历模板要收费，很纠结要选择收费的模板还是随便找免费的应付好，小编认为首先简历是要能够清楚地表达自己的情况，其次才是模板的样式。\n \n总而言之，个人简历模板要选择实用性强为主，不管是收费还是免费先要看它是否实用。\n 用个人简历模板写简历，必须注意这五点！\n 在HR眼中，这种简历会更受青睐，因为它满足了专业简历的五大要素：篇幅一页，排版整洁，重点突出，文字精炼，无格式错误\n 1 - 篇幅一页，简历长度一页纸是一个不成文的规定，因为HR可以很方便地快速浏览并判断候选人是否匹配。如果简历内容过少无法判断，内容太多则重点不够清晰，刚好一页纸的长度是HR最喜欢看到的。注意，简历请不要加封面，加封面只会让HR加速淘汰你的简历，因为相比一页纸的简历，有封面的简历翻页和预览都需要更长时间，非常不利于查看。\n 2 - 排版整洁，排版整洁和一页纸一样，是为了让易读性更强。网上贩卖的各种设计模板其实完全不具有实用性，因为招非设计岗的只想用最快的速度清晰地看到你的简历。\n 3 - 重点突出，通过排版和描述来突出重点，才能最大的展现出你的竞争力。\n注意，这里的重点是指招聘方觉得的重点，而不是你觉得的重点。充分换位思考，从招聘信息中读取重要信息，是能够展现对应重点的第一步。\n重点突出要从两个方面体现，排版上和内容上。\n 4 - 文字精炼，这一点是最难的，很多人都把握不好具体描述和精炼的度。\n 能精确、简洁的写出来每一段经历中你做成了什么事情，那你就已经战胜了市面上90%的求职者。\n 有些招聘网站的拒绝信模板里会直接仍一句“参考STAR法则重写”，这种做法很不负责任。\n 5 - 无格式错误，其实很多时候能够决定你是否被录用的往往是一些非常小的细节。\n 也许你的简历版面已经获得了HR的好感，也许你的经历描述已经帮你获得了面试机会，但是在面试时一边聊一边看着你的简历，面试官可能就因为一些格式错误皱起了眉头，对你的能力产生了质疑。\n 尤其是90%的实习工作、初级工作招聘方都很看重“细心”这个能力。所以无格式错误对于简历来说非常重要。\n',89,18,NULL,'2021-12-13 17:59:33','2021-12-13 17:59:33'),(79,'面试入职详情版',NULL,70,18,NULL,'2021-12-13 18:01:11','2021-12-13 18:01:11'),(80,'这是我见过最优先的简历模板范文','好简历是非常重要的。大量大企业的HR和Manager，包括企业的管理者，他们在很大程度上是用简历来判断人的。如果说你这个简历不够好，99%的简历在第一次打开后他直接就会把你Pass掉了，你都没有机会进入到后面的流程。\n什么是好简历？\n重要的事说三遍，就是简单，简单、简单。\n大公司专业分工特别细，HR领域分工也特别细，薪酬就是薪酬，培训就是培训，招聘就是招聘，招聘的这个人专业名词就叫Recruiter。\n为什么说你一份好简历一定要简单呢？那是因为招聘官每天只干这一件事，就是招人，所以他每天跟流水线一样的看简历，可能他一年之中要看上万份简历。有时候我们开玩笑说，一个Recruiter看一份简历时间不会超过六秒钟，当然这个有点极端，但一定是用秒来计的。\n当一份简历做得过于复杂时，Recruiter会相当疲惫的，你被他选中的概率一定会大大降低。恰恰是你能用最精简的文字，从头看到尾这几秒钟的时间内，我把我想看到的东西全看到，这是最成功、最好的简历。\n再详细地说一步，一个简历就分为三个部分。\n第一部分：个人信息，年龄、性别、名字、联系电话、Email；\n第二部分：教育信息；\n第三部分：工作经历。\n三段论下来，这一份简历几秒钟完全就可以看完了，就是一份好简历。\n如何突出过往的工作经历\n如果想突出自己过往的工作经历，无非就是三点，第一个是你做了什么事，比如说我做的是市场推广，我做的是项目管理。第二个事就是你的Title是什么，比如说我是一个产品营销助理；我是某杂志的主编。第三块，具体成果如何。也就是我做了什么，工作内容是怎么样的，最后结果是什么样的。\n你只要写这三个部分就够了，然后在每一个不同类型的项前面一定要加编号，写带项目编号的短句子，千万不要写段落，所有的经历都尽量精简、说重点，报数据，不要长篇大论。详细的内容，面试官会在面试你的时候考察你的。比如说，\n2015年春天，市场推广助理，在三个月时间内实现销售收入100万元；\n在XXTeam，写XX文章，得到点击率是多少；\n帮老板做了什么项目，获得了什么奖。\n只要这样罗列的短句子，Title、内容加成绩，齐活。\n大学生如何突出自己\n对于工作一段时间的人而言，能力和经验更重要，但对学生来说，大家刚出校门都比较同质化，这个时候要PK的就是一切可以把自己和别人区隔开的东西。\n漂亮的排版、正确的字体、吸引人的照片，对毕业生来说都是优势。如果一个应聘做秘书的学生连自己的简历上面都有错别字，你想想这个老板敢不敢把更重要的东西交给你？\n相信我，表格式的简历早已在滚滚的车轮中被历史淘汰了，看着真的很累很烦。很多人不太重视简历的外观，其实，认真排版认真做简历，是让HR认识你的第一步。显得你态度认真，尊重别人，而且有一定的个性品味，不是一个随便的人。所以有一个好的简历，绝对是你成功的敲门砖。\n准备找实习的同学们和刚刚毕业的应届生们最适合的是那种在校经历型放在前面的简历，可以让用人单位更快速的找到你的特质和优点。另外，刚刚毕业的大学生适应性其实是很广的，比如你是学计算机的，可能你既能做研发，又能做产品，可以做软件，也可以做硬件，也可能去做市场营销，如果想要单纯提高面试中签率的话，可以选择多投。大学生给它起名叫海投。海投的概念就是不只是职位，公司也多投，一个公司内的职位也多投，这样从增加中签率的角度来说是可行的，但这只限于大学生。工作经验越丰富，大家就开始看中求职者的经验值，看中他在相关的领域内的积累，这种时候就不建议再海投，而是要选择跟你过往经验相关的领域去投。\n海投最好用有“海投神器”之称的一页型简历，一目了然，节省HR阅读时间，同时也能提高面试成功率。大公司用人是有窗口期的\n比如说你是做手机设计的特别牛逼的人，为什么投你公司，你就没有反应？你可能恰恰就是没撞到这个窗口期上。但如果说你又非得想进这家公司，比如有些人说我就铁了心想进微软，有的人说我铁了心想进华为或者小米，你怎么办？你就要不断地去试这个窗口期。\n对于一个刚入职场的人，企业的窗口期可能会频繁地打开，因为这类人流动性很高，你可以不断地去试。如果说你处于中层，这家公司的一个职位一旦招着了可能一两年内就没有了，这时候就不要死守了，赶紧换一家公司吧。\n写在最后\n搞定大公司的简历，以上几种要素缺一不可。简洁+有料的内容，美观+专业的简历，有明确时间、目标的投递和海投等回复的耐心。大公司的HR处理的简历更多，用在每份简历上的时间更少，所以需要你用十二分的用心去对待你的简历，加油！\n',77,18,NULL,'2021-12-13 18:05:23','2021-12-13 18:05:23'),(81,'新手跑步建议','为了让初跑者少走弯路，今天小编分享几条跑步注意事项，满满干货\n1.循序渐进。\n初级跑者，第一个月每次3公里就可以了，每个月加1公里，基础好、精神好的话每天可以跑早晚两次。\n半年之内不要关心配速，也别硬撑着跑，哪个位置稍微有不舒服，就改成快走，或者停止运动。\n每次跑步应该是第一公里最慢，后面逐渐加速，最后一公里降速，不要起跑就冲。\n不要跟大神约跑，因为你们不是一个水平，跑步是个孤独的事情，谁不是一边跑步一边学会享受孤独。\n2.筑牢基础。\n跑龄3年之内的，5公里是个基本功，不要贪多贪快，6分配速就好。\n不少跑友还没累计500公里，跑了大概两三个月就要参加马拉松，先说能不能完成，这膝盖也扛不起这顿折腾，少说疼两天，多说养两年。\n3.做好拉伸。\n跑前跑后一定要拉伸，且认真做，90%的跑伤都是拉伸不足造成的。前期关节活动开，跑起来就没有那么轴，身体也有一个适应过程。\n能想象到晚上抽筋的酸爽吗？多半是没有拉伸或是不正确拉伸造成的。\n结语\n跑步最根本的目标是长久而健康快乐地跑下去，你有自己的配速、路线和距离，跑的开心，收获健康，这才是运动初心。\n问答：你觉得还有哪些跑步的注意事项？欢迎在下方评论区讨论，感谢阅读。\n',86,23,NULL,'2021-12-13 18:08:07','2021-12-13 18:08:07'),(82,'长跑会跑出心脏疾病吗？','我已经跑5公里快一年了 最近突然胸口痛胳膊也痛 去医院检查心脏病 抽血超都做过 结果三尖瓣轻度闭合不全 心慌 心率正常 心脏早搏 医生说没什么事 我想知道是不是长跑跑出心脏病了\n',60,23,NULL,'2021-12-13 18:19:29','2021-12-13 18:19:29'),(83,'这样的你，真美','一、 你用心的样子真美\n逐渐地，对“用心”这两个字的理解才突然深刻。它是全身心地投入，愿意花时间,、耗精力去想动脑筋、去研究、去琢磨自己的工作。在工作中使出自己最大的力气，让自己去享受正在做或需要做的每一件事情和每一个时刻。我们要在各自的岗位实实在在而又时刻用心坚持去做每件事，做成事，做到问心无愧。\n二、 你专注的样子真美\n专注需要我们首先要认识自己，认真的审视自己。很多人的心思，被太多的事情所诱惑，优柔寡断、瞻前顾后。结果一晃很长时间就过去了，殊不知最大敌人就是没有没有专注的态度、明确的目标。专注不是天生就有的，需要后天的培养，用自己的能力去做好事情。在专注的过程中，沉浸在自我的世界 m里，周围及外界的消息会自动过滤，心里想的，眼睛看的，耳朵听的全是你正在做的事情。\n三、 你认真的样子真美\n态度决定高度，认真是个态度问题。态度上端正了，有明确的目标，知道自己想要的是什么，让自己的生活更加有规划。认真投入不马虎，以严肃的态度或心情对待，会使人态度变得积极主动，办事效率自然提高。只有在工作中锻炼自己的能力，使自己不断提高，才能不被社会淘汰。#用心# #专注# #认真# \n',57,19,NULL,'2021-12-13 18:26:04','2021-12-13 18:26:04'),(84,'中国那些逆天的文物，绝对刷新你的三观',NULL,51,19,NULL,'2021-12-13 18:28:05','2021-12-13 18:28:05'),(85,'【盘点】那些年羞辱的我们智商的心灵鸡汤',NULL,30,19,NULL,'2021-12-13 18:33:14','2021-12-13 18:33:14'),(86,'数据结构模拟实现多维数组类型','模拟实现多维数组类型\n【问题描述】\n设计并模拟实现整型多维数组类型。 \n【基本要求】\n 整型多维数组应具有以下基本功能： \n （1）定义整型多维数组类型，各维的下标是任意整数开始的连续整数； \n （2）下标变量赋值，执行下标范围检查； \n （3）同类型数组赋值； \n （4）子数组赋值，例如，a[1..n]=a[2..n+1]；a[2..4][3..5]=b[1..3][2..4]； \n （5）确定数组的大小。 \n【测试数据】\n自行设计。\n【选做内容】\n（1） 各维的下标是任意字符开始的连续字符。\n（2） 数组初始化。\n（3） 可修改数组下标的范围。\n',11,33,NULL,'2021-12-13 18:37:08','2021-12-13 18:37:08'),(87,'关于一个直接插入排序的问题','第一趟到底是从第二个关键字开始比还是第一个，\n设有一组初始关键字序列为(24，35，12，27，18，26)，则第3趟直接插入排序结束后的结果的是\n答案说是 (12，24，35，27，18，26) \n那么对六个关键字进行直接插入最多需要几次比较呢 6次还是5次?\n',13,33,NULL,'2021-12-13 18:39:27','2021-12-13 18:39:27'),(88,'数据结构基础概念篇','据：所有能被输入到计算机中，且能被计算机处理的符号的集合。是计算机操作的对象的总称。\n数据元素：数据（集合）中的一个“个体”，数据及结构中讨论的基本单位\n数据项：数据的不可分割的最小单位。一个数据元素可由若干个数据项组成。\n数据类型：在一种程序设计语言中，变量所具有的数据种类。整型、浮点型、字符型等等\n\n逻辑结构：数据之间的相互关系。\n\n集合 结构中的数据元素除了同属于一种类型外，别无其它关系。\n线性结构 数据元素之间一对一的关系\n树形结构 数据元素之间一对多的关系\n图状结构或网状结构 结构中的数据元素之间存在多对多的关系\n物理结构/存储结构：数据在计算机中的表示。物理结构是描述数据具体在内存中的存储（如：顺序结构、链式结构、索引结构、哈希结构）等\n在数据结构中,从逻辑上可以将其分为线性结构和非线性结构\n数据结构的基本操作的设置的最重要的准则是,实现应用程序与存储结构的独立。实现应用程序是“逻辑结构”，存储的是“物理结构”。逻辑结构主要是对该结构操作的设定，物理结构是描述数据具体在内存中的存储（如：顺序结构、链式结构、索引结构、希哈结构）等。\n顺序存储结构中，线性表的逻辑顺序和物理顺序总是一致的。但在链式存储结构中，线性表的逻辑顺序和物理顺序一般是不同的。\n\n算法五个特性： 有穷性、确定性、可行性、输入、输出\n\n算法设计要求：正确性、可读性、健壮性、高效率与低存储量需求。(好的算法)\n算法的描述有伪程序、流程图、N-S结构图等。E-R图是实体联系模型，不是程序的描述方式。\n设计算法在执行时间时需要考虑：算法选用的规模、问题的规模\n时间复杂度：算法的执行时间与原操作执行次数之和成正比。时间复杂度有小到大：O(1)、O(logn)、O(n)、O(nlogn)、O(n2)、O(n3)。幂次时间复杂度有小到大O(2n)、O(n!)、O(nn)\n空间复杂度：若输入数据所占空间只取决于问题本身，和算法无关，则只需要分析除输入和程序之外的辅助变量所占额外空间。\n',8,33,NULL,'2021-12-13 18:41:51','2021-12-13 18:41:51'),(89,'《中国人民志愿军赞歌》一曲值得永久传唱的歌','抗美援朝战争的烽火虽已远去，但我们今天依然还在享受着战争胜利的遗产。今天的和平，是无数个英雄用鲜血和生命换来的。每一位英雄都值得永远铭记，每一位英雄也都是一首永唱不衰的歌。\n怀着对保家卫国所牺牲英烈的无限崇敬，曲作家安松和词作家李玉龙共同创作了《中国人民志愿军赞歌》，并由音乐人林胜监制、知名歌手陶辚竹深情演唱，让我们向牺牲在抗美援朝战场上无数英雄们再一次，敬礼！',7,24,NULL,'2021-12-13 18:55:48','2021-12-13 18:55:48'),(90,'沙子滚筒烘干机的工作原理','首先烘干机理想的选型必须根据用户自身的条件及物料因素，有所侧重才能找到适合自己物料的机型。主要的要考虑一下几点：1.烘干对象—烘干机的选择，应根据物料潮湿状态时的形态物性、热敏感性、流动性等特性来选择。\n2.节约成本—同样性能的烘干机，成本造价不同，价格也会相差很多。\n3.能源条件—-选择烘干机时，还要考虑当地的能源状况，充分利用当地的资源。当地煤比较多的，可选择用煤作为燃料的烘干机；平原地区，可考虑秸杆气化烘干机;山区可考虑用木柴作燃料的烘干机。\n4.选型前建议能做出物料的干燥实验，深入了解类似物料已经使用的干燥装置的优缺点。5.选择结构简单、备品备件供应充足、可靠性高、寿命长的干燥装置。\n6.干燥速率高—对流干燥时物料高度分散在热空气中，临界含水率低，干燥速度快，而且同是对流干燥，干燥方法不同临界含水率也不同，因而干燥速率也不同。\n7.耗能低—不同烘干方法耗能指标不同，一般传导式干燥的热效率理论上可达更高，对流式干燥只能70%左右。\n8.适用性—烘干装置首先必须能适用于特定物料，且满足物料干燥的基本使用要求，包括能很好的处理物料，并能满足处理量、脱水量、产品质量等方面的基本要求。\n9.符合环保要求，工作条件好，安全性高。\n',7,12,NULL,'2021-12-13 18:58:41','2021-12-13 18:58:41'),(91,NULL,'聊城北方汽修学校“理实一体化”的教学方法，注重对学生实践动手能力的培养，学子身经百战毕业即就业得到用人单位广泛好评，也为紧缺人才的汽车行业注入新的活力。\n\n\n',17,12,NULL,'2021-12-13 19:01:27','2021-12-13 19:01:27'),(92,'亚洲国际大巴黎正式与新宝体育赞助合作','既然如此， 一般来说， 国际因何而发生？ 就我个人来说，国际对我的意义，不能不说非常重大。 赫尔普斯曾经提到过，有时候读书是一种巧妙地避开思考的方法。我希望诸位也能好好地体会这句话。 国际的发生，到底需要如何做到，不国际的发生，又会如何产生。 既然如此， 叔本华说过一句富有哲理的话，意志是一个强壮的盲人，倚靠在明眼的跛子肩上。带着这句话，我们还要更加慎重的审视这个问题： 而这些并不是完全重要，更加重要的问题是， 我们都知道，只要有意义，那么就必须慎重考虑。 要想清楚，国际，到底是一种怎么样的存在。 就我个人来说，国际对我的意义，不能不说非常重大。 维龙曾经提到过，要成功不需要什么特别的才能，只要把你能做的小事做得好就行了。我希望诸位也能好好地体会这句话。 可是，即使是这样，国际的出现仍然代表了一定的意义。 这种事实对本人来说意义重大，相信对这个世界也是有一定意义的。 在这种困难的抉择下，本人思来想去，寝食难安。 那么， 我认为， 对我个人而言，国际不仅仅是一个重大的事件，还可能会改变我的人生。 现在，解决国际的问题，是非常非常重要的。 所以， 问题的关键究竟为何。\n',10,24,NULL,'2021-12-13 19:04:26','2021-12-13 19:04:26'),(93,'公司成本高？劳动纠纷？进来看看吧','灵活用工解决1.解决企业专票进项缺失 增值税过高问题2.解决企业实发工资与社保基数不一致的风险；3.解决企业给无社保人员工资发放薪资的难题4.解决企业部分员工个税过高问题税务筹划解决1.降低企业税务成本2.公转私合规节税3.解决成本发票、进项发票#公司成本# #灵活用工# #税务筹划# 自有税源地，一手园区，欢迎各位老板咨询\n',26,31,NULL,'2021-12-13 19:05:59','2021-12-13 19:05:59'),(94,'现在企业是发展线上还是传统线下','这个信息碎片化的时代，消费者对产品设计、企业服务和品牌营销的要求越来越高，身处互联网环境中的传统行业如果继续沿用老套的销售模式和推广渠道，那么将无法满足消费者的需求，传统行业也将面临着前所未有的巨大挑战。\n传统行业想要突破目前现状、寻求更好发展，必须融入互联网、适应互联网时代的多样性。作为一家传统企业，应如何去做推广才能在这互联网大潮中脱颖而出呢？1、学会从线下推广转到线上推广，以前传统企业的推广方式就仅限于宣传单推广、名片推广、线下广告宣传推广等等，但效果其微。因此传统企业要扭转局势，就应该线上线下推广相结合。\n2、通过线上平台增加曝光，有人的地方，就有流量，有流量的地方，就有营销。就如现在火爆的抖音、小红书平台，从以往的娱乐分享平台到现在的直播带货，也让大家看到了红利，纷纷转移战场，分得第一杯羹。\n3、网络多渠道宣传，特别是现在的互联网+时代。不管是现在的搜索引擎，还是短视频、自媒体等平台，都可以让你的品牌爆起来。种一棵树的时间最好是十年前，其次是现在。要想去做，什么时候也不算迟。\n推广本身就是在做一件积累的事情，各个平台都应该多去涉及。传统企业要切记，不要只顾着自己的一亩三分地，更应该大胆创新，多渠道拓客。终有一天将会初露锋芒，让更多的人所熟知你的企业或产品。\n',46,31,NULL,'2021-12-13 19:08:48','2021-12-13 19:08:48'),(95,'狮子的前壁及肩部的视觉效果',NULL,44,34,NULL,'2021-12-13 19:12:48','2021-12-13 19:12:48'),(96,'《物种分布图》',NULL,47,34,NULL,'2021-12-13 19:17:15','2021-12-13 19:17:15'),(97,'【那些杜暨出来的动物】',NULL,62,34,NULL,'2021-12-13 19:20:13','2021-12-13 19:20:13'),(98,'小程序WeUI使用教程','1、WeUI\nWeUI 是一套同微信原生视觉体验一致的基础样式库。由微信官方设计团队为微信内网页和微信小程序量身设计，令用户的使用感知更加统一。它最初是为了给在微信端页面提供一致的视觉体验而开发开源的一个样式库，后续随着小程序、企业微信等等的开放能力出现，WeUI也提供了小程序、企业微信等等的版本。我们将要介绍的，就是WeUI的小程序版本。\n',85,35,NULL,'2021-12-13 21:45:58','2021-12-13 21:45:58'),(99,'一些有趣的小程序','炸弹小程序      想删都删不了\n\n第一步\n\n创建一个记事本\n\n在里面添加想要的东西\n\n\n\n第二步   改文件类型\n\n\n\n最后    点击就行了(哈哈,要想删就在任务管理器里面删   )\n\n\n\n \n\n \n',71,35,NULL,'2021-12-13 21:55:38','2021-12-13 21:55:38'),(100,'qqqqq',NULL,5,36,NULL,'2021-12-18 14:07:25','2021-12-18 14:07:25');

/*Table structure for table `post_like_user` */

DROP TABLE IF EXISTS `post_like_user`;

CREATE TABLE `post_like_user` (
  `post_id` int(11) NOT NULL,
  `user_id` int(11) NOT NULL,
  `createAt` timestamp NOT NULL DEFAULT CURRENT_TIMESTAMP,
  `updateAt` timestamp NOT NULL DEFAULT CURRENT_TIMESTAMP ON UPDATE CURRENT_TIMESTAMP,
  PRIMARY KEY (`post_id`,`user_id`),
  KEY `user_id` (`user_id`),
  CONSTRAINT `post_like_user_ibfk_1` FOREIGN KEY (`post_id`) REFERENCES `post` (`id`) ON DELETE CASCADE ON UPDATE CASCADE,
  CONSTRAINT `post_like_user_ibfk_2` FOREIGN KEY (`user_id`) REFERENCES `user` (`id`) ON DELETE CASCADE ON UPDATE CASCADE
) ENGINE=InnoDB DEFAULT CHARSET=utf8mb4 COLLATE=utf8mb4_0900_ai_ci;

/*Data for the table `post_like_user` */

insert  into `post_like_user`(`post_id`,`user_id`,`createAt`,`updateAt`) values (2,1,'2021-12-12 15:56:54','2021-12-12 15:56:54'),(2,5,'2021-12-12 16:01:39','2021-12-12 16:01:39'),(2,46,'2021-12-12 22:01:57','2021-12-12 22:01:57'),(5,33,'2021-12-13 15:56:06','2021-12-13 15:56:06'),(6,8,'2021-12-12 17:20:53','2021-12-12 17:20:53'),(6,16,'2021-12-12 20:58:17','2021-12-12 20:58:17'),(6,17,'2021-12-13 14:33:06','2021-12-13 14:33:06'),(6,18,'2021-12-12 21:06:53','2021-12-12 21:06:53'),(6,33,'2021-12-12 17:07:32','2021-12-12 17:07:32'),(6,35,'2021-12-12 21:31:28','2021-12-12 21:31:28'),(7,17,'2021-12-13 14:33:10','2021-12-13 14:33:10'),(8,22,'2021-12-13 16:14:45','2021-12-13 16:14:45'),(17,84,'2021-12-12 17:53:31','2021-12-12 17:53:31'),(25,83,'2021-12-13 18:08:50','2021-12-13 18:08:50'),(29,59,'2021-12-13 17:52:37','2021-12-13 17:52:37'),(35,13,'2021-12-13 18:37:50','2021-12-13 18:37:50'),(38,14,'2021-12-13 16:44:07','2021-12-13 16:44:07'),(39,4,'2021-12-13 16:11:05','2021-12-13 16:11:05'),(40,90,'2021-12-13 17:28:46','2021-12-13 17:28:46'),(42,33,'2021-12-12 20:37:35','2021-12-12 20:37:35'),(43,16,'2021-12-12 20:58:44','2021-12-12 20:58:44'),(43,18,'2021-12-12 21:07:03','2021-12-12 21:07:03'),(43,29,'2021-12-12 22:31:27','2021-12-12 22:31:27'),(43,32,'2021-12-12 22:00:18','2021-12-12 22:00:18'),(43,35,'2021-12-12 21:31:26','2021-12-12 21:31:26'),(43,79,'2021-12-12 21:55:32','2021-12-12 21:55:32'),(44,18,'2021-12-12 21:06:54','2021-12-12 21:06:54'),(44,25,'2021-12-12 21:12:26','2021-12-12 21:12:26'),(44,58,'2021-12-12 21:35:47','2021-12-12 21:35:47'),(45,22,'2021-12-12 21:32:46','2021-12-12 21:32:46'),(45,35,'2021-12-12 21:31:24','2021-12-12 21:31:24'),(45,59,'2021-12-12 21:37:40','2021-12-12 21:37:40'),(45,69,'2021-12-12 22:18:39','2021-12-12 22:18:39'),(46,66,'2021-12-12 21:41:40','2021-12-12 21:41:40'),(46,79,'2021-12-12 21:55:31','2021-12-12 21:55:31'),(47,29,'2021-12-12 22:31:21','2021-12-12 22:31:21'),(47,31,'2021-12-12 21:58:11','2021-12-12 21:58:11'),(47,71,'2021-12-12 21:54:45','2021-12-12 21:54:45'),(48,73,'2021-12-12 22:04:45','2021-12-12 22:04:45'),(48,81,'2021-12-12 22:09:43','2021-12-12 22:09:43'),(49,81,'2021-12-12 22:15:20','2021-12-12 22:15:20'),(49,88,'2021-12-12 22:16:55','2021-12-12 22:16:55'),(50,6,'2021-12-13 16:23:30','2021-12-13 16:23:30'),(50,21,'2021-12-12 22:22:18','2021-12-12 22:22:18'),(50,39,'2021-12-12 22:26:50','2021-12-12 22:26:50'),(51,17,'2021-12-13 14:37:16','2021-12-13 14:37:16'),(51,33,'2021-12-13 15:56:03','2021-12-13 15:56:03'),(51,36,'2021-12-13 15:47:58','2021-12-13 15:47:58'),(51,41,'2021-12-13 17:06:31','2021-12-13 17:06:31'),(51,52,'2021-12-13 15:34:31','2021-12-13 15:34:31'),(51,60,'2021-12-13 15:58:01','2021-12-13 15:58:01'),(51,74,'2021-12-13 15:44:34','2021-12-13 15:44:34'),(51,77,'2021-12-13 15:41:55','2021-12-13 15:41:55'),(51,80,'2021-12-13 15:39:36','2021-12-13 15:39:36'),(51,84,'2021-12-13 15:40:29','2021-12-13 15:40:29'),(52,6,'2021-12-13 16:23:32','2021-12-13 16:23:32'),(52,33,'2021-12-13 15:56:00','2021-12-13 15:56:00'),(52,52,'2021-12-13 15:34:46','2021-12-13 15:34:46'),(52,73,'2021-12-13 15:38:26','2021-12-13 15:38:26'),(53,33,'2021-12-13 15:56:07','2021-12-13 15:56:07'),(53,74,'2021-12-13 15:44:30','2021-12-13 15:44:30'),(53,80,'2021-12-13 15:39:09','2021-12-13 15:39:09'),(53,84,'2021-12-13 15:40:24','2021-12-13 15:40:24'),(54,33,'2021-12-13 15:48:23','2021-12-13 15:48:23'),(54,36,'2021-12-13 15:47:54','2021-12-13 15:47:54'),(54,60,'2021-12-13 15:57:26','2021-12-13 15:57:26'),(54,78,'2021-12-13 16:00:42','2021-12-13 16:00:42'),(55,56,'2021-12-13 17:46:52','2021-12-13 17:46:52'),(55,78,'2021-12-13 16:00:43','2021-12-13 16:00:43'),(55,83,'2021-12-13 16:03:06','2021-12-13 16:03:06'),(55,88,'2021-12-13 16:03:37','2021-12-13 16:03:37'),(56,4,'2021-12-13 16:09:09','2021-12-13 16:09:09'),(56,22,'2021-12-13 16:14:42','2021-12-13 16:14:42'),(57,4,'2021-12-13 16:11:04','2021-12-13 16:11:04'),(57,20,'2021-12-13 16:11:35','2021-12-13 16:11:35'),(58,31,'2021-12-13 16:16:35','2021-12-13 16:16:35'),(59,31,'2021-12-13 16:16:52','2021-12-13 16:16:52'),(60,7,'2021-12-13 16:20:02','2021-12-13 16:20:02'),(60,31,'2021-12-13 16:19:04','2021-12-13 16:19:04'),(60,77,'2021-12-13 18:06:12','2021-12-13 18:06:12'),(61,6,'2021-12-13 16:22:26','2021-12-13 16:22:26'),(62,12,'2021-12-13 16:28:22','2021-12-13 16:28:22'),(62,13,'2021-12-13 16:27:41','2021-12-13 16:27:41'),(62,15,'2021-12-13 16:26:59','2021-12-13 16:26:59'),(63,12,'2021-12-13 16:38:36','2021-12-13 16:38:36'),(63,14,'2021-12-13 16:40:39','2021-12-13 16:40:39'),(65,5,'2021-12-13 16:54:13','2021-12-13 16:54:13'),(65,23,'2021-12-13 16:48:17','2021-12-13 16:48:17'),(66,5,'2021-12-13 16:54:11','2021-12-13 16:54:11'),(66,8,'2021-12-13 16:54:57','2021-12-13 16:54:57'),(67,19,'2021-12-13 17:00:35','2021-12-13 17:00:35'),(67,41,'2021-12-13 17:06:30','2021-12-13 17:06:30'),(68,13,'2021-12-13 17:03:53','2021-12-13 17:03:53'),(68,15,'2021-12-13 17:02:40','2021-12-13 17:02:40'),(68,35,'2021-12-13 17:04:36','2021-12-13 17:04:36'),(69,42,'2021-12-13 17:07:27','2021-12-13 17:07:27'),(70,42,'2021-12-13 17:14:59','2021-12-13 17:14:59'),(70,62,'2021-12-13 17:12:26','2021-12-13 17:12:26'),(70,65,'2021-12-13 17:11:02','2021-12-13 17:11:02'),(71,50,'2021-12-13 17:17:37','2021-12-13 17:17:37'),(71,61,'2021-12-13 17:16:51','2021-12-13 17:16:51'),(71,63,'2021-12-13 17:19:47','2021-12-13 17:19:47'),(71,69,'2021-12-13 17:18:25','2021-12-13 17:18:25'),(71,76,'2021-12-13 17:20:33','2021-12-13 17:20:33'),(72,90,'2021-12-13 17:23:55','2021-12-13 17:23:55'),(73,81,'2021-12-13 17:30:30','2021-12-13 17:30:30'),(73,90,'2021-12-13 17:28:45','2021-12-13 17:28:45'),(74,84,'2021-12-13 17:34:17','2021-12-13 17:34:17'),(76,39,'2021-12-13 17:44:30','2021-12-13 17:44:30'),(76,54,'2021-12-13 17:43:35','2021-12-13 17:43:35'),(76,56,'2021-12-13 17:45:14','2021-12-13 17:45:14'),(76,58,'2021-12-13 17:42:46','2021-12-13 17:42:46'),(76,59,'2021-12-13 17:42:10','2021-12-13 17:42:10'),(77,89,'2021-12-13 17:56:14','2021-12-13 17:56:14'),(78,70,'2021-12-13 18:01:14','2021-12-13 18:01:14'),(78,89,'2021-12-13 17:59:35','2021-12-13 17:59:35'),(79,70,'2021-12-13 18:01:13','2021-12-13 18:01:13'),(79,77,'2021-12-13 18:03:23','2021-12-13 18:03:23'),(81,36,'2021-12-13 18:14:13','2021-12-13 18:14:13'),(81,72,'2021-12-13 18:09:50','2021-12-13 18:09:50'),(81,83,'2021-12-13 18:08:53','2021-12-13 18:08:53'),(81,86,'2021-12-13 18:08:11','2021-12-13 18:08:11'),(82,60,'2021-12-13 18:22:20','2021-12-13 18:22:20'),(82,64,'2021-12-13 18:20:16','2021-12-13 18:20:16'),(83,51,'2021-12-13 18:28:52','2021-12-13 18:28:52'),(84,30,'2021-12-13 18:31:56','2021-12-13 18:31:56'),(84,51,'2021-12-13 18:28:48','2021-12-13 18:28:48'),(86,8,'2021-12-13 18:48:18','2021-12-13 18:48:18'),(86,11,'2021-12-13 18:37:10','2021-12-13 18:37:10'),(86,13,'2021-12-13 18:37:49','2021-12-13 18:37:49'),(88,8,'2021-12-13 18:41:53','2021-12-13 18:41:53'),(89,7,'2021-12-13 18:56:37','2021-12-13 18:56:37'),(90,7,'2021-12-13 18:58:43','2021-12-13 18:58:43'),(91,17,'2021-12-13 19:01:30','2021-12-13 19:01:30'),(93,5,'2021-12-18 14:10:09','2021-12-18 14:10:09'),(93,26,'2021-12-13 19:06:00','2021-12-13 19:06:00'),(94,46,'2021-12-13 19:08:50','2021-12-13 19:08:50'),(95,44,'2021-12-13 19:12:49','2021-12-13 19:12:49'),(96,47,'2021-12-13 19:17:17','2021-12-13 19:17:17'),(97,62,'2021-12-13 19:20:37','2021-12-13 19:20:37'),(97,66,'2021-12-13 19:23:07','2021-12-13 19:23:07'),(98,71,'2021-12-13 22:27:22','2021-12-13 22:27:22'),(98,74,'2021-12-13 21:51:02','2021-12-13 21:51:02'),(98,85,'2021-12-13 21:45:59','2021-12-13 21:45:59'),(99,71,'2021-12-13 21:55:43','2021-12-13 21:55:43');

/*Table structure for table `post_pictrue` */

DROP TABLE IF EXISTS `post_pictrue`;

CREATE TABLE `post_pictrue` (
  `id` int(11) NOT NULL AUTO_INCREMENT,
  `filename` varchar(100) NOT NULL,
  `mimetype` varchar(30) DEFAULT NULL,
  `size` int(11) DEFAULT NULL,
  `post_id` int(11) DEFAULT NULL,
  `user_id` int(11) DEFAULT NULL,
  `createAt` timestamp NOT NULL DEFAULT CURRENT_TIMESTAMP,
  `updateAt` timestamp NOT NULL DEFAULT CURRENT_TIMESTAMP ON UPDATE CURRENT_TIMESTAMP,
  PRIMARY KEY (`id`),
  UNIQUE KEY `filename` (`filename`),
  KEY `post_id` (`post_id`),
  KEY `user_id` (`user_id`),
  CONSTRAINT `post_pictrue_ibfk_1` FOREIGN KEY (`post_id`) REFERENCES `post` (`id`) ON DELETE CASCADE ON UPDATE CASCADE,
  CONSTRAINT `post_pictrue_ibfk_2` FOREIGN KEY (`user_id`) REFERENCES `user` (`id`) ON DELETE CASCADE ON UPDATE CASCADE
) ENGINE=InnoDB AUTO_INCREMENT=63 DEFAULT CHARSET=utf8mb4 COLLATE=utf8mb4_0900_ai_ci;

/*Data for the table `post_pictrue` */

insert  into `post_pictrue`(`id`,`filename`,`mimetype`,`size`,`post_id`,`user_id`,`createAt`,`updateAt`) values (1,'541446cbd2e16b60cba0d79be23919a9','image/jpeg',20978,2,1,'2021-12-12 15:56:26','2021-12-12 15:56:26'),(3,'210b824e2c9fecc27f4552367967ff98','image/jpeg',18183,43,16,'2021-12-12 20:58:12','2021-12-12 20:58:12'),(4,'6ee7dce59c8d28abe73651504b54f86b','image/jpeg',14904,45,35,'2021-12-12 21:31:21','2021-12-12 21:31:21'),(5,'9bb6f9f4e5aeb2f57b6b4bdb63639140','image/jpeg',19755,46,66,'2021-12-12 21:41:38','2021-12-12 21:41:38'),(6,'4e32d32ada67ba9931eac1e8b3c1a26a','image/jpeg',108150,47,71,'2021-12-12 21:54:42','2021-12-12 21:54:42'),(7,'f7ba32dbdbfdb161f98470daa50eded6','image/png',8848,48,73,'2021-12-12 22:04:44','2021-12-12 22:04:44'),(8,'59c18269bbffaa97b32411cc8569cd50','image/jpeg',19567,48,73,'2021-12-12 22:04:44','2021-12-12 22:04:44'),(9,'cbc419382fcf8deb9ddd315ebdd8e471','image/jpeg',46519,50,21,'2021-12-12 22:22:10','2021-12-12 22:22:10'),(10,'de07b6ad375888015762a78f3908eed9','image/jpeg',18777,53,73,'2021-12-13 15:38:22','2021-12-13 15:38:22'),(11,'a532ee4903375a502565cbd920846b3f','image/jpeg',9219,58,22,'2021-12-13 16:14:39','2021-12-13 16:14:39'),(12,'3d4534e479729d8da919a463cc296edf','image/jpeg',52751,58,22,'2021-12-13 16:14:39','2021-12-13 16:14:39'),(13,'6de1a3c2c1351c7ac4384ee35c7ac41e','image/jpeg',14680,60,31,'2021-12-13 16:18:59','2021-12-13 16:18:59'),(14,'208d5a21fbfdaf04332d2b90fc034b9e','image/jpeg',40661,61,6,'2021-12-13 16:22:24','2021-12-13 16:22:24'),(15,'fdd1a8d91dd009db399b16c2c6f77564','image/jpeg',48359,61,6,'2021-12-13 16:22:24','2021-12-13 16:22:24'),(16,'0edee0060c6f008da796e70657d0a1ca','image/jpeg',44635,61,6,'2021-12-13 16:22:24','2021-12-13 16:22:24'),(17,'63d0b6c7c94f522cd16c020738fe57e3','image/jpeg',37779,62,15,'2021-12-13 16:26:54','2021-12-13 16:26:54'),(18,'eacb497dc53d31056f58f415350048e7','image/jpeg',90540,64,14,'2021-12-13 16:43:44','2021-12-13 16:43:44'),(19,'9e40fdd8e515168a7f3d4e8c747a8b70','image/jpeg',25709,65,23,'2021-12-13 16:48:14','2021-12-13 16:48:14'),(20,'2dd37e57bd315290fa4c1a9382e88dd1','image/jpeg',4819,65,23,'2021-12-13 16:48:14','2021-12-13 16:48:14'),(21,'a722721d9c04a3788ab46baf1a9617a5','image/jpeg',21748,65,23,'2021-12-13 16:48:14','2021-12-13 16:48:14'),(22,'f4e44518e5270932c97c6b0e4836acb7','image/jpeg',11735,65,23,'2021-12-13 16:48:14','2021-12-13 16:48:14'),(23,'10d1905dafa0d408066e158bea95ee7e','image/jpeg',18484,65,23,'2021-12-13 16:48:14','2021-12-13 16:48:14'),(24,'25375ce52bc21b02534ec5c8891f24f5','image/jpeg',15755,65,23,'2021-12-13 16:48:14','2021-12-13 16:48:14'),(25,'d78248f5ba7d1272492094eeedb174d2','image/jpeg',111767,66,5,'2021-12-13 16:54:02','2021-12-13 16:54:02'),(26,'3ada581b7e577866f25683235413ffbc','image/jpeg',152341,66,5,'2021-12-13 16:54:02','2021-12-13 16:54:02'),(27,'4fd9e793536bdca82113a81229f65b91','image/jpeg',15406,68,15,'2021-12-13 17:02:38','2021-12-13 17:02:38'),(28,'f812b2c7992f3b49e00c38b730aa4ec2','image/jpeg',24244,70,42,'2021-12-13 17:08:20','2021-12-13 17:08:20'),(29,'b7e184a89fb9a1f9bc68efb2678faf51','image/jpeg',86756,72,90,'2021-12-13 17:22:55','2021-12-13 17:22:55'),(30,'534119d2fbb79809dd18863aa34f5203','image/jpeg',128606,73,90,'2021-12-13 17:28:41','2021-12-13 17:28:41'),(31,'d196e99b513504cf4b69dfaac842afe4','image/jpeg',130686,73,90,'2021-12-13 17:28:41','2021-12-13 17:28:41'),(32,'a630f48f85dedd716dcf5e08891a24c4','image/jpeg',134545,73,90,'2021-12-13 17:28:41','2021-12-13 17:28:41'),(33,'a43e4ba565d8a5391b90bc96f44cc0c8','image/jpeg',108575,73,90,'2021-12-13 17:28:41','2021-12-13 17:28:41'),(34,'46143282789c9165935e2eb2a45f5427','image/jpeg',51573,73,90,'2021-12-13 17:28:41','2021-12-13 17:28:41'),(35,'5582ca940022797d0ba62a73fff1accb','image/jpeg',119861,73,90,'2021-12-13 17:28:41','2021-12-13 17:28:41'),(36,'880f28b2b50b5083f208bae060642949','image/jpeg',49894,73,90,'2021-12-13 17:28:41','2021-12-13 17:28:41'),(37,'c88024a3ca944dc6d08111647153fb15','image/jpeg',47336,75,67,'2021-12-13 17:39:51','2021-12-13 17:39:51'),(38,'c00a94db9cdaa150747138bc255b7d9c','image/jpeg',29058,75,67,'2021-12-13 17:39:51','2021-12-13 17:39:51'),(39,'36ff3ba6eec82a2b55317db0f7ac1460','image/jpeg',12990,75,67,'2021-12-13 17:39:51','2021-12-13 17:39:51'),(40,'e8ca3eb18f04d93b49b30847b0b9f612','image/jpeg',37182,77,89,'2021-12-13 17:55:39','2021-12-13 17:55:39'),(41,'926e5efe31241351041c11d6886f79e9','image/jpeg',76908,79,70,'2021-12-13 18:01:11','2021-12-13 18:01:11'),(42,'f065fa6fbb744723e2b114b8352b4328','image/jpeg',39154,79,70,'2021-12-13 18:01:11','2021-12-13 18:01:11'),(43,'f8229d2963214531eb9ad2b1c302f3d6','image/jpeg',80449,80,77,'2021-12-13 18:05:23','2021-12-13 18:05:23'),(44,'17250a3c5b83d495f205f5bcf40e5be3','image/jpeg',76834,80,77,'2021-12-13 18:05:23','2021-12-13 18:05:23'),(45,'e478a38eec5c14b21ac9ea35f7e136a8','image/jpeg',151275,81,86,'2021-12-13 18:08:08','2021-12-13 18:08:08'),(46,'3e51ea8fccaf04cf34d997db90e9a8f8','image/jpeg',47428,82,60,'2021-12-13 18:19:29','2021-12-13 18:19:29'),(47,'ffe5a15b28ff74f6bd29999f491c381d','image/jpeg',11282,83,57,'2021-12-13 18:26:04','2021-12-13 18:26:04'),(48,'19df70c3d6db7311154385668c36c282','image/jpeg',18957,84,51,'2021-12-13 18:28:05','2021-12-13 18:28:05'),(49,'94bf53836666ad38bc607dafe825dc26','image/jpeg',33624,89,7,'2021-12-13 18:55:48','2021-12-13 18:55:48'),(50,'0842f1ab8b07820df5bc7298e3873594','image/jpeg',79142,90,7,'2021-12-13 18:58:41','2021-12-13 18:58:41'),(51,'cc1c9dd347241faa11b9379d84cb81a1','image/jpeg',76745,90,7,'2021-12-13 18:58:41','2021-12-13 18:58:41'),(52,'b554c48ecf1054d5a8c53ea0e7401b5d','image/jpeg',78230,90,7,'2021-12-13 18:58:41','2021-12-13 18:58:41'),(53,'7fd51932a77b8bcd818d8ccd5154b459','image/png',214418,91,17,'2021-12-13 19:01:27','2021-12-13 19:01:27'),(54,'77610dcf39a30981f6c24d70597aafb1','image/png',278654,91,17,'2021-12-13 19:01:27','2021-12-13 19:01:27'),(55,'e3f4e9ad07358a37b4b58e5d4fdd80c3','image/jpeg',37972,92,10,'2021-12-13 19:04:27','2021-12-13 19:04:27'),(56,'0e2229cc5cfc26dd5bddc8399f7e0c75','image/jpeg',15455,94,46,'2021-12-13 19:08:48','2021-12-13 19:08:48'),(57,'1fc8269b5d3306823fa221c4c20e40f0','image/jpeg',17253,95,44,'2021-12-13 19:12:48','2021-12-13 19:12:48'),(58,'399ae32ecdd797ca06acddb7ccd26ae9','image/jpeg',47767,96,47,'2021-12-13 19:17:15','2021-12-13 19:17:15'),(59,'6b2c3ac74c4f23bdb7f185d3508b7d77','image/jpeg',89027,96,47,'2021-12-13 19:17:15','2021-12-13 19:17:15'),(60,'0cb6abafa020a88d31c369c8a1c9e588','image/jpeg',72848,96,47,'2021-12-13 19:17:15','2021-12-13 19:17:15'),(61,'d08c2fc6c7ca6791c6405e697799ec97','image/jpeg',78505,96,47,'2021-12-13 19:17:15','2021-12-13 19:17:15'),(62,'65ab24efdc35215a2a86f75addeb37c4','image/jpeg',63750,100,5,'2021-12-18 14:07:25','2021-12-18 14:07:25');

/*Table structure for table `post_start_user` */

DROP TABLE IF EXISTS `post_start_user`;

CREATE TABLE `post_start_user` (
  `post_id` int(11) NOT NULL,
  `user_id` int(11) NOT NULL,
  `createAt` timestamp NOT NULL DEFAULT CURRENT_TIMESTAMP,
  `updateAt` timestamp NOT NULL DEFAULT CURRENT_TIMESTAMP ON UPDATE CURRENT_TIMESTAMP,
  PRIMARY KEY (`post_id`,`user_id`),
  KEY `user_id` (`user_id`),
  CONSTRAINT `post_start_user_ibfk_1` FOREIGN KEY (`post_id`) REFERENCES `post` (`id`) ON DELETE CASCADE ON UPDATE CASCADE,
  CONSTRAINT `post_start_user_ibfk_2` FOREIGN KEY (`user_id`) REFERENCES `user` (`id`) ON DELETE CASCADE ON UPDATE CASCADE
) ENGINE=InnoDB DEFAULT CHARSET=utf8mb4 COLLATE=utf8mb4_0900_ai_ci;

/*Data for the table `post_start_user` */

insert  into `post_start_user`(`post_id`,`user_id`,`createAt`,`updateAt`) values (44,25,'2021-12-12 21:14:33','2021-12-12 21:14:33'),(45,29,'2021-12-12 22:31:24','2021-12-12 22:31:24'),(45,66,'2021-12-12 21:50:57','2021-12-12 21:50:57'),(49,88,'2021-12-12 22:16:52','2021-12-12 22:16:52'),(50,29,'2021-12-12 22:31:13','2021-12-12 22:31:13'),(51,60,'2021-12-13 15:58:03','2021-12-13 15:58:03'),(51,74,'2021-12-13 15:44:35','2021-12-13 15:44:35'),(51,84,'2021-12-13 15:40:31','2021-12-13 15:40:31'),(53,73,'2021-12-13 15:38:40','2021-12-13 15:38:40'),(61,5,'2021-12-18 14:10:54','2021-12-18 14:10:54'),(63,14,'2021-12-13 16:40:40','2021-12-13 16:40:40'),(64,14,'2021-12-13 16:44:05','2021-12-13 16:44:05'),(66,4,'2021-12-13 22:56:04','2021-12-13 22:56:04'),(68,35,'2021-12-13 17:04:35','2021-12-13 17:04:35'),(75,5,'2021-12-18 14:09:42','2021-12-18 14:09:42'),(76,56,'2021-12-13 17:45:22','2021-12-13 17:45:22'),(79,70,'2021-12-13 18:01:35','2021-12-13 18:01:35'),(81,86,'2021-12-13 18:15:02','2021-12-13 18:15:02'),(88,8,'2021-12-13 18:48:10','2021-12-13 18:48:10'),(98,71,'2021-12-13 22:27:24','2021-12-13 22:27:24');

/*Table structure for table `record_histroy` */

DROP TABLE IF EXISTS `record_histroy`;

CREATE TABLE `record_histroy` (
  `post_id` int(11) NOT NULL,
  `user_id` int(11) NOT NULL,
  `createAt` timestamp NOT NULL DEFAULT CURRENT_TIMESTAMP,
  `updateAt` timestamp NOT NULL DEFAULT CURRENT_TIMESTAMP ON UPDATE CURRENT_TIMESTAMP,
  PRIMARY KEY (`post_id`,`user_id`),
  KEY `user_id` (`user_id`),
  CONSTRAINT `record_histroy_ibfk_1` FOREIGN KEY (`post_id`) REFERENCES `post` (`id`) ON DELETE CASCADE ON UPDATE CASCADE,
  CONSTRAINT `record_histroy_ibfk_2` FOREIGN KEY (`user_id`) REFERENCES `user` (`id`) ON DELETE CASCADE ON UPDATE CASCADE
) ENGINE=InnoDB DEFAULT CHARSET=utf8mb4 COLLATE=utf8mb4_0900_ai_ci;

/*Data for the table `record_histroy` */

insert  into `record_histroy`(`post_id`,`user_id`,`createAt`,`updateAt`) values (2,5,'2021-12-12 16:50:39','2021-12-12 16:50:39'),(2,46,'2021-12-12 22:01:55','2021-12-12 22:01:55'),(5,33,'2021-12-12 16:56:30','2021-12-12 16:56:30'),(6,16,'2021-12-12 20:58:15','2021-12-12 20:58:15'),(7,33,'2021-12-12 20:46:22','2021-12-12 20:46:22'),(8,22,'2021-12-13 16:14:47','2021-12-13 16:14:47'),(21,51,'2021-12-13 18:28:54','2021-12-13 18:28:54'),(30,5,'2021-12-18 14:09:53','2021-12-18 14:09:53'),(33,75,'2021-12-12 19:20:45','2021-12-12 19:20:45'),(35,13,'2021-12-13 18:37:50','2021-12-13 18:37:50'),(37,71,'2021-12-13 22:27:28','2021-12-13 22:27:28'),(42,25,'2021-12-12 21:13:30','2021-12-12 21:13:30'),(42,33,'2021-12-12 20:53:46','2021-12-12 20:53:46'),(42,37,'2021-12-12 20:47:40','2021-12-12 20:47:40'),(43,16,'2021-12-12 21:02:11','2021-12-12 21:02:11'),(43,18,'2021-12-12 21:05:33','2021-12-12 21:05:33'),(43,22,'2021-12-12 21:33:06','2021-12-12 21:33:06'),(43,25,'2021-12-12 21:17:55','2021-12-12 21:17:55'),(43,32,'2021-12-12 22:00:17','2021-12-12 22:00:17'),(43,69,'2021-12-12 22:18:42','2021-12-12 22:18:42'),(44,18,'2021-12-12 21:05:43','2021-12-12 21:05:43'),(44,22,'2021-12-12 21:33:46','2021-12-12 21:33:46'),(44,25,'2021-12-12 21:16:46','2021-12-12 21:16:46'),(44,26,'2021-12-12 21:08:45','2021-12-12 21:08:45'),(44,27,'2021-12-12 21:07:39','2021-12-12 21:07:39'),(44,35,'2021-12-12 21:38:37','2021-12-12 21:38:37'),(45,22,'2021-12-12 21:32:47','2021-12-12 21:32:47'),(45,29,'2021-12-12 22:31:23','2021-12-12 22:31:23'),(45,35,'2021-12-12 21:39:51','2021-12-12 21:39:51'),(45,58,'2021-12-12 21:34:49','2021-12-12 21:34:49'),(45,59,'2021-12-12 21:37:41','2021-12-12 21:37:41'),(45,66,'2021-12-12 21:50:55','2021-12-12 21:50:55'),(45,75,'2021-12-12 21:38:05','2021-12-12 21:38:05'),(46,31,'2021-12-12 21:57:34','2021-12-12 21:57:34'),(46,66,'2021-12-12 21:50:44','2021-12-12 21:50:44'),(47,31,'2021-12-12 21:58:12','2021-12-12 21:58:12'),(47,32,'2021-12-12 21:59:53','2021-12-12 21:59:53'),(47,46,'2021-12-12 22:01:28','2021-12-12 22:01:28'),(47,71,'2021-12-13 22:13:22','2021-12-13 22:13:22'),(47,79,'2021-12-12 21:55:46','2021-12-12 21:55:46'),(48,69,'2021-12-12 22:18:48','2021-12-12 22:18:48'),(48,73,'2021-12-12 22:04:48','2021-12-12 22:04:48'),(49,21,'2021-12-12 22:22:15','2021-12-12 22:22:15'),(49,69,'2021-12-12 22:18:45','2021-12-12 22:18:45'),(49,81,'2021-12-12 22:13:47','2021-12-12 22:13:47'),(49,85,'2021-12-12 22:13:16','2021-12-12 22:13:16'),(49,88,'2021-12-12 22:16:35','2021-12-12 22:16:35'),(49,89,'2021-12-12 22:11:33','2021-12-12 22:11:33'),(50,21,'2021-12-12 22:22:38','2021-12-12 22:22:38'),(50,29,'2021-12-12 22:29:50','2021-12-12 22:29:50'),(50,34,'2021-12-12 22:28:11','2021-12-12 22:28:11'),(50,39,'2021-12-12 22:26:51','2021-12-12 22:26:51'),(50,71,'2021-12-13 22:27:17','2021-12-13 22:27:17'),(51,16,'2021-12-13 14:44:26','2021-12-13 14:44:26'),(51,17,'2021-12-13 14:42:42','2021-12-13 14:42:42'),(51,30,'2021-12-13 14:41:52','2021-12-13 14:41:52'),(51,32,'2021-12-13 14:40:17','2021-12-13 14:40:17'),(51,60,'2021-12-13 15:58:01','2021-12-13 15:58:01'),(51,74,'2021-12-13 15:44:34','2021-12-13 15:44:34'),(51,77,'2021-12-13 15:41:57','2021-12-13 15:41:57'),(51,84,'2021-12-13 15:40:30','2021-12-13 15:40:30'),(52,33,'2021-12-13 15:56:00','2021-12-13 15:56:00'),(52,73,'2021-12-13 15:38:26','2021-12-13 15:38:26'),(53,49,'2021-12-13 15:43:20','2021-12-13 15:43:20'),(53,73,'2021-12-13 15:38:30','2021-12-13 15:38:30'),(53,74,'2021-12-13 15:44:16','2021-12-13 15:44:16'),(53,77,'2021-12-13 15:41:29','2021-12-13 15:41:29'),(53,80,'2021-12-13 15:39:10','2021-12-13 15:39:10'),(53,84,'2021-12-13 15:40:18','2021-12-13 15:40:18'),(54,33,'2021-12-13 15:53:46','2021-12-13 15:53:46'),(54,36,'2021-12-13 15:47:31','2021-12-13 15:47:31'),(54,56,'2021-12-13 17:50:24','2021-12-13 17:50:24'),(54,60,'2021-12-13 15:57:47','2021-12-13 15:57:47'),(55,6,'2021-12-13 16:23:34','2021-12-13 16:23:34'),(55,56,'2021-12-13 17:50:20','2021-12-13 17:50:20'),(55,78,'2021-12-13 16:00:43','2021-12-13 16:00:43'),(55,83,'2021-12-13 16:02:47','2021-12-13 16:02:47'),(55,88,'2021-12-13 16:03:38','2021-12-13 16:03:38'),(56,4,'2021-12-13 16:09:16','2021-12-13 16:09:16'),(57,4,'2021-12-13 22:39:00','2021-12-13 22:39:00'),(57,20,'2021-12-13 16:11:58','2021-12-13 16:11:58'),(58,31,'2021-12-13 16:16:49','2021-12-13 16:16:49'),(59,31,'2021-12-13 16:16:53','2021-12-13 16:16:53'),(59,49,'2021-12-21 21:44:40','2021-12-21 21:44:40'),(60,7,'2021-12-13 16:20:05','2021-12-13 16:20:05'),(60,31,'2021-12-13 16:19:22','2021-12-13 16:19:22'),(61,5,'2021-12-18 14:11:12','2021-12-18 14:11:12'),(62,12,'2021-12-13 16:28:05','2021-12-13 16:28:05'),(62,13,'2021-12-13 16:27:31','2021-12-13 16:27:31'),(62,15,'2021-12-13 16:26:56','2021-12-13 16:26:56'),(63,12,'2021-12-13 16:38:37','2021-12-13 16:38:37'),(63,14,'2021-12-13 16:40:39','2021-12-13 16:40:39'),(64,14,'2021-12-13 16:43:59','2021-12-13 16:43:59'),(65,5,'2021-12-13 16:54:07','2021-12-13 16:54:07'),(65,23,'2021-12-13 16:49:08','2021-12-13 16:49:08'),(66,5,'2021-12-18 14:08:40','2021-12-18 14:08:40'),(66,8,'2021-12-13 16:54:59','2021-12-13 16:54:59'),(66,18,'2021-12-13 16:55:56','2021-12-13 16:55:56'),(68,13,'2021-12-13 17:03:29','2021-12-13 17:03:29'),(68,15,'2021-12-13 17:02:41','2021-12-13 17:02:41'),(68,35,'2021-12-13 17:04:26','2021-12-13 17:04:26'),(68,42,'2021-12-13 17:07:25','2021-12-13 17:07:25'),(69,41,'2021-12-13 17:05:59','2021-12-13 17:05:59'),(70,27,'2021-12-13 17:09:53','2021-12-13 17:09:53'),(70,42,'2021-12-13 17:14:01','2021-12-13 17:14:01'),(70,49,'2021-12-21 21:43:39','2021-12-21 21:43:39'),(70,62,'2021-12-13 17:12:27','2021-12-13 17:12:27'),(70,65,'2021-12-13 17:11:03','2021-12-13 17:11:03'),(71,50,'2021-12-13 17:17:38','2021-12-13 17:17:38'),(71,63,'2021-12-13 17:19:24','2021-12-13 17:19:24'),(71,69,'2021-12-13 17:18:33','2021-12-13 17:18:33'),(71,76,'2021-12-13 17:20:33','2021-12-13 17:20:33'),(72,90,'2021-12-13 17:23:56','2021-12-13 17:23:56'),(73,81,'2021-12-13 17:30:57','2021-12-13 17:30:57'),(73,90,'2021-12-13 17:28:47','2021-12-13 17:28:47'),(74,79,'2021-12-13 17:35:33','2021-12-13 17:35:33'),(74,84,'2021-12-13 17:34:17','2021-12-13 17:34:17'),(75,5,'2021-12-18 14:09:38','2021-12-18 14:09:38'),(75,67,'2021-12-13 17:39:54','2021-12-13 17:39:54'),(76,39,'2021-12-13 17:44:30','2021-12-13 17:44:30'),(76,54,'2021-12-13 17:43:38','2021-12-13 17:43:38'),(76,56,'2021-12-13 17:50:48','2021-12-13 17:50:48'),(76,58,'2021-12-13 17:42:47','2021-12-13 17:42:47'),(76,59,'2021-12-13 17:51:14','2021-12-13 17:51:14'),(77,89,'2021-12-13 17:57:18','2021-12-13 17:57:18'),(78,70,'2021-12-13 18:01:30','2021-12-13 18:01:30'),(78,71,'2021-12-13 21:57:53','2021-12-13 21:57:53'),(79,70,'2021-12-13 18:01:34','2021-12-13 18:01:34'),(79,77,'2021-12-13 18:03:23','2021-12-13 18:03:23'),(81,36,'2021-12-13 18:14:08','2021-12-13 18:14:08'),(81,49,'2021-12-13 18:13:11','2021-12-13 18:13:11'),(81,70,'2021-12-13 18:10:47','2021-12-13 18:10:47'),(81,72,'2021-12-13 18:09:51','2021-12-13 18:09:51'),(81,83,'2021-12-13 18:08:51','2021-12-13 18:08:51'),(81,86,'2021-12-13 18:15:01','2021-12-13 18:15:01'),(82,59,'2021-12-13 18:20:46','2021-12-13 18:20:46'),(82,60,'2021-12-18 14:16:48','2021-12-18 14:16:48'),(82,64,'2021-12-13 18:23:39','2021-12-13 18:23:39'),(84,30,'2021-12-13 18:31:56','2021-12-13 18:31:56'),(84,51,'2021-12-13 18:28:59','2021-12-13 18:28:59'),(85,30,'2021-12-13 18:33:16','2021-12-13 18:33:16'),(86,13,'2021-12-13 18:37:52','2021-12-13 18:37:52'),(87,13,'2021-12-13 18:39:29','2021-12-13 18:39:29'),(88,5,'2021-12-18 14:07:57','2021-12-18 14:07:57'),(88,8,'2021-12-13 18:45:07','2021-12-13 18:45:07'),(89,7,'2021-12-13 18:55:50','2021-12-13 18:55:50'),(90,7,'2021-12-13 18:58:44','2021-12-13 18:58:44'),(93,5,'2021-12-18 14:10:09','2021-12-18 14:10:09'),(93,26,'2021-12-13 19:06:11','2021-12-13 19:06:11'),(93,46,'2021-12-13 19:10:21','2021-12-13 19:10:21'),(94,46,'2021-12-13 19:08:51','2021-12-13 19:08:51'),(95,44,'2021-12-13 19:12:50','2021-12-13 19:12:50'),(97,62,'2021-12-13 19:20:35','2021-12-13 19:20:35'),(97,66,'2021-12-13 19:23:08','2021-12-13 19:23:08'),(97,82,'2021-12-13 19:31:19','2021-12-13 19:31:19'),(98,71,'2021-12-13 22:27:22','2021-12-13 22:27:22'),(98,74,'2021-12-13 21:51:02','2021-12-13 21:51:02'),(98,85,'2021-12-13 21:49:18','2021-12-13 21:49:18'),(99,71,'2021-12-13 21:57:06','2021-12-13 21:57:06');

/*Table structure for table `search_history` */

DROP TABLE IF EXISTS `search_history`;

CREATE TABLE `search_history` (
  `id` int(11) NOT NULL AUTO_INCREMENT,
  `name` varchar(200) NOT NULL,
  `search_all_count` int(11) DEFAULT '1',
  `removed` int(11) DEFAULT '0',
  `user_id` int(11) NOT NULL,
  `createAt` timestamp NOT NULL DEFAULT CURRENT_TIMESTAMP,
  `updateAt` timestamp NOT NULL DEFAULT CURRENT_TIMESTAMP ON UPDATE CURRENT_TIMESTAMP,
  PRIMARY KEY (`id`),
  KEY `user_id` (`user_id`),
  CONSTRAINT `search_history_ibfk_1` FOREIGN KEY (`user_id`) REFERENCES `user` (`id`) ON DELETE CASCADE ON UPDATE CASCADE
) ENGINE=InnoDB AUTO_INCREMENT=107 DEFAULT CHARSET=utf8mb4 COLLATE=utf8mb4_0900_ai_ci;

/*Data for the table `search_history` */

insert  into `search_history`(`id`,`name`,`search_all_count`,`removed`,`user_id`,`createAt`,`updateAt`) values (2,'做人',12,0,5,'2021-12-12 16:19:22','2021-12-13 17:13:17'),(3,'贴吧',1,0,5,'2021-12-12 16:30:42','2021-12-12 16:30:42'),(4,'javascrip',6,0,8,'2021-12-12 17:20:47','2021-12-18 14:05:47'),(5,'java',2,0,33,'2021-12-12 20:33:58','2021-12-12 20:47:33'),(6,'java',2,0,37,'2021-12-12 20:47:33','2021-12-12 20:47:33'),(7,'javascrip',6,0,16,'2021-12-12 20:56:31','2021-12-18 14:05:47'),(8,'javascrip',6,0,29,'2021-12-12 22:31:33','2021-12-18 14:05:47'),(9,'做人',12,0,29,'2021-12-12 22:31:39','2021-12-13 17:13:17'),(12,'wait',2,0,17,'2021-12-13 14:31:56','2021-12-13 14:31:56'),(14,'javascrip',6,0,17,'2021-12-13 14:32:13','2021-12-18 14:05:47'),(15,'j',1,0,17,'2021-12-13 14:32:24','2021-12-13 14:32:24'),(16,'web',1,0,17,'2021-12-13 14:34:07','2021-12-13 14:34:07'),(18,'web前端',22,0,32,'2021-12-13 14:40:14','2021-12-13 17:46:22'),(19,'web前端',22,0,30,'2021-12-13 14:41:49','2021-12-13 17:46:22'),(20,'web前端',22,0,17,'2021-12-13 14:42:39','2021-12-13 17:46:22'),(21,'web前端',22,0,16,'2021-12-13 14:44:24','2021-12-13 17:46:22'),(22,'web前端',22,0,52,'2021-12-13 15:32:32','2021-12-13 17:46:22'),(23,'web前端',22,0,73,'2021-12-13 15:37:08','2021-12-13 17:46:22'),(24,'web前端',22,0,80,'2021-12-13 15:39:05','2021-12-13 17:46:22'),(25,'web前端',22,0,84,'2021-12-13 15:40:11','2021-12-13 17:46:22'),(26,'web前端',22,0,77,'2021-12-13 15:41:25','2021-12-13 17:46:22'),(27,'web前端',22,0,49,'2021-12-13 15:43:05','2021-12-13 17:46:22'),(28,'web前端',22,0,74,'2021-12-13 15:44:13','2021-12-13 17:46:22'),(29,'web前端',22,0,34,'2021-12-13 15:45:44','2021-12-13 17:46:22'),(30,'web前端',22,0,36,'2021-12-13 15:47:25','2021-12-13 17:46:22'),(31,'web前端',22,0,33,'2021-12-13 15:48:20','2021-12-13 17:46:22'),(32,'web前端',22,0,60,'2021-12-13 15:56:55','2021-12-13 17:46:22'),(33,'web前端',22,0,78,'2021-12-13 15:59:11','2021-12-13 17:46:22'),(34,'web前端',22,0,83,'2021-12-13 16:02:45','2021-12-13 17:46:22'),(35,'web前端',22,0,88,'2021-12-13 16:03:33','2021-12-13 17:46:22'),(36,'python',3,0,4,'2021-12-13 16:06:05','2021-12-13 16:15:45'),(37,'网络安全',3,0,4,'2021-12-13 16:10:02','2021-12-13 16:13:25'),(38,'网络安全',3,0,20,'2021-12-13 16:11:31','2021-12-13 16:13:25'),(39,'javascrip',6,0,20,'2021-12-13 16:12:15','2021-12-18 14:05:47'),(40,'网络安全',3,0,22,'2021-12-13 16:13:25','2021-12-13 16:13:25'),(41,'python',3,0,22,'2021-12-13 16:13:34','2021-12-13 16:15:45'),(42,'python',3,0,31,'2021-12-13 16:15:45','2021-12-13 16:15:45'),(43,'c语言',6,0,31,'2021-12-13 16:17:48','2021-12-13 16:28:03'),(44,'c语言',6,0,7,'2021-12-13 16:19:58','2021-12-13 16:28:03'),(45,'c语言',6,0,6,'2021-12-13 16:21:23','2021-12-13 16:28:03'),(46,'c语言',6,0,15,'2021-12-13 16:24:27','2021-12-13 16:28:03'),(47,'c语言',6,0,13,'2021-12-13 16:27:28','2021-12-13 16:28:03'),(48,'c语言',6,0,12,'2021-12-13 16:28:03','2021-12-13 16:28:03'),(49,'mysql',1,0,14,'2021-12-13 16:39:54','2021-12-13 16:39:54'),(50,'vue',7,0,14,'2021-12-13 16:41:27','2021-12-13 22:29:17'),(51,'vue',7,0,23,'2021-12-13 16:45:44','2021-12-13 22:29:17'),(53,'vue',7,0,8,'2021-12-13 16:54:53','2021-12-13 22:29:17'),(55,'vue',7,0,5,'2021-12-13 16:57:11','2021-12-13 22:29:17'),(56,'做人',12,0,19,'2021-12-13 16:59:59','2021-12-13 17:13:17'),(57,'做人',12,0,15,'2021-12-13 17:01:37','2021-12-13 17:13:17'),(58,'做人',12,0,13,'2021-12-13 17:03:26','2021-12-13 17:13:17'),(59,'做人',12,0,35,'2021-12-13 17:04:22','2021-12-13 17:13:17'),(60,'做人',12,0,41,'2021-12-13 17:05:57','2021-12-13 17:13:17'),(61,'做人',12,0,42,'2021-12-13 17:07:21','2021-12-13 17:13:17'),(62,'做人',12,0,27,'2021-12-13 17:09:51','2021-12-13 17:13:17'),(64,'做人',12,0,62,'2021-12-13 17:13:17','2021-12-13 17:13:17'),(65,'幸福',5,0,50,'2021-12-13 17:17:33','2021-12-13 17:22:22'),(66,'幸福',5,0,69,'2021-12-13 17:18:23','2021-12-13 17:22:22'),(67,'幸福',5,0,63,'2021-12-13 17:19:20','2021-12-13 17:22:22'),(68,'幸福',5,0,76,'2021-12-13 17:20:29','2021-12-13 17:22:22'),(69,'幸福',5,0,90,'2021-12-13 17:22:22','2021-12-13 17:22:22'),(70,'生命',1,0,81,'2021-12-13 17:30:28','2021-12-13 17:30:28'),(71,'手机',3,0,84,'2021-12-13 17:34:12','2021-12-13 17:37:05'),(72,'手机',3,0,79,'2021-12-13 17:35:29','2021-12-13 17:37:05'),(73,'手机',3,0,67,'2021-12-13 17:37:05','2021-12-13 17:37:05'),(74,'电脑',5,0,58,'2021-12-13 17:42:43','2021-12-13 17:51:12'),(75,'电脑',5,0,54,'2021-12-13 17:43:32','2021-12-13 17:51:12'),(76,'电脑',5,0,39,'2021-12-13 17:44:27','2021-12-13 17:51:12'),(77,'电脑',5,0,56,'2021-12-13 17:45:08','2021-12-13 17:51:12'),(78,'web前端',22,0,56,'2021-12-13 17:46:22','2021-12-13 17:46:22'),(79,'电脑',5,0,59,'2021-12-13 17:51:12','2021-12-13 17:51:12'),(80,'面试',2,0,70,'2021-12-13 18:00:16','2021-12-13 18:03:19'),(81,'面试',2,0,77,'2021-12-13 18:03:19','2021-12-13 18:03:19'),(82,'跑步',12,0,83,'2021-12-13 18:08:46','2021-12-13 18:23:10'),(83,'跑步',12,0,72,'2021-12-13 18:09:46','2021-12-13 18:23:10'),(84,'跑步',12,0,70,'2021-12-13 18:10:45','2021-12-13 18:23:10'),(85,'跑步',12,0,49,'2021-12-13 18:11:57','2021-12-13 18:23:10'),(87,'跑步',12,0,36,'2021-12-13 18:14:25','2021-12-13 18:23:10'),(88,'跑步',12,0,86,'2021-12-13 18:14:58','2021-12-13 18:23:10'),(91,'跑步',12,0,59,'2021-12-13 18:20:44','2021-12-13 18:23:10'),(92,'跑步',12,0,60,'2021-12-13 18:21:51','2021-12-13 18:23:10'),(93,'跑步',12,0,64,'2021-12-13 18:23:10','2021-12-13 18:23:10'),(94,'知识',2,0,51,'2021-12-13 18:27:08','2021-12-13 18:31:52'),(95,'知识',2,0,30,'2021-12-13 18:31:52','2021-12-13 18:31:52'),(96,'数据结构与算法',2,0,13,'2021-12-13 18:37:46','2021-12-13 18:40:51'),(97,'数据结构与算法',2,0,8,'2021-12-13 18:40:51','2021-12-13 18:40:51'),(98,'热议',1,0,17,'2021-12-13 19:01:01','2021-12-13 19:01:01'),(99,'动物',3,0,62,'2021-12-13 19:18:10','2021-12-13 19:31:14'),(100,'动物',3,0,66,'2021-12-13 19:23:04','2021-12-13 19:31:14'),(101,'动物',3,0,82,'2021-12-13 19:31:14','2021-12-13 19:31:14'),(102,'小程序',2,0,74,'2021-12-13 21:50:57','2021-12-13 21:54:50'),(103,'小程序',2,0,71,'2021-12-13 21:54:50','2021-12-13 21:54:50'),(104,'admin',1,0,71,'2021-12-13 22:12:43','2021-12-13 22:12:43'),(105,'vue',7,0,4,'2021-12-13 22:29:17','2021-12-13 22:29:17'),(106,'javascrip',6,0,5,'2021-12-18 14:05:47','2021-12-18 14:05:47');

/*Table structure for table `tieba` */

DROP TABLE IF EXISTS `tieba`;

CREATE TABLE `tieba` (
  `id` int(11) NOT NULL AUTO_INCREMENT,
  `name` varchar(50) NOT NULL,
  `introduction` varchar(500) DEFAULT '',
  `avatar_url` varchar(200) DEFAULT NULL,
  `create_user_id` int(11) DEFAULT NULL,
  `maxadmin_user_id` int(11) DEFAULT NULL,
  `category_id` int(11) DEFAULT NULL,
  `createAt` timestamp NOT NULL DEFAULT CURRENT_TIMESTAMP,
  `updateAt` timestamp NOT NULL DEFAULT CURRENT_TIMESTAMP ON UPDATE CURRENT_TIMESTAMP,
  PRIMARY KEY (`id`),
  UNIQUE KEY `name` (`name`),
  KEY `create_user_id` (`create_user_id`),
  KEY `maxadmin_user_id` (`maxadmin_user_id`),
  KEY `category_id` (`category_id`),
  CONSTRAINT `tieba_ibfk_1` FOREIGN KEY (`create_user_id`) REFERENCES `user` (`id`) ON DELETE SET NULL ON UPDATE CASCADE,
  CONSTRAINT `tieba_ibfk_2` FOREIGN KEY (`maxadmin_user_id`) REFERENCES `user` (`id`) ON DELETE SET NULL ON UPDATE CASCADE,
  CONSTRAINT `tieba_ibfk_3` FOREIGN KEY (`category_id`) REFERENCES `category` (`id`) ON DELETE SET NULL ON UPDATE SET NULL
) ENGINE=InnoDB AUTO_INCREMENT=40 DEFAULT CHARSET=utf8mb4 COLLATE=utf8mb4_0900_ai_ci;

/*Data for the table `tieba` */

insert  into `tieba`(`id`,`name`,`introduction`,`avatar_url`,`create_user_id`,`maxadmin_user_id`,`category_id`,`createAt`,`updateAt`) values (1,'贴吧','贴吧管理，贴吧服务！','http://localhost:8000/tieba/1/avatar',1,1,10,'2021-12-12 14:53:50','2021-12-12 15:13:05'),(2,'做人','为人处世是做人之本','http://localhost:8000/tieba/2/avatar',5,5,3,'2021-12-12 16:09:00','2021-12-12 16:26:57'),(3,'web前端','web前端主要以html css javacript等前端开发语言为主。是web前端开发人员的一个开发社区，在这里尽情的讨论web前端技术。','http://localhost:8000/tieba/3/avatar',33,33,4,'2021-12-12 16:56:24','2021-12-12 17:05:02'),(4,'javascrip','这是javascript吧','http://localhost:8000/tieba/4/avatar',33,33,4,'2021-12-12 17:06:24','2021-12-12 17:07:28'),(5,'java','一起讨论java技术!','http://localhost:8000/tieba/5/avatar',21,21,4,'2021-12-12 17:09:36','2021-12-12 17:10:21'),(6,'python','这里有一群python爱好者，python学习交流基地。','http://localhost:8000/tieba/6/avatar',8,8,4,'2021-12-12 17:12:54','2021-12-12 17:14:35'),(7,'c语言','本吧主题定位为c程序设计语言学习交流，欢迎有兴趣的各位一起来探讨学习。','http://localhost:8000/tieba/7/avatar',8,8,4,'2021-12-12 17:17:28','2021-12-12 17:19:36'),(8,'编程','编程 的学术爱好者营','http://localhost:8000/tieba/8/avatar',31,31,4,'2021-12-12 17:22:43','2021-12-12 17:23:40'),(9,'手机','随着互联网的发展，手机的普及，越来越多的人都能使用上了手机。','http://localhost:8000/tieba/9/avatar',26,26,5,'2021-12-12 17:28:16','2021-12-12 17:30:14'),(10,'4G','开启4G时代，畅享百兆上网体验','http://localhost:8000/tieba/10/avatar',37,37,5,'2021-12-12 17:32:29','2021-12-12 17:33:34'),(11,'数码','数据时代！','http://localhost:8000/tieba/11/avatar',64,64,5,'2021-12-12 17:35:57','2021-12-12 17:37:14'),(12,'热议','最新的话题讨论，最新的资讯新闻热点都在这！欢迎你的关注','http://localhost:8000/tieba/12/avatar',68,68,11,'2021-12-12 17:39:49','2021-12-12 17:42:14'),(13,'幸福','你们对幸福的定义是什么呢？','http://localhost:8000/tieba/13/avatar',74,74,3,'2021-12-12 17:43:52','2021-12-12 17:44:39'),(14,'健身','通过健身强身健体','http://localhost:8000/tieba/14/avatar',77,77,7,'2021-12-12 17:48:01','2021-12-12 17:49:01'),(15,'笑话','别以为只有那些书上的段子才是笑话，生活中就充满了笑话。','http://localhost:8000/tieba/15/avatar',84,84,3,'2021-12-12 17:53:11','2021-12-12 17:54:30'),(16,'自信','','http://localhost:8000/tieba/16/avatar',78,78,3,'2021-12-12 17:55:53','2021-12-12 17:56:45'),(17,'上班','踏实细致，努力工作，终有出头日！','http://localhost:8000/tieba/17/avatar',53,53,6,'2021-12-12 17:58:55','2021-12-12 18:00:04'),(18,'面试','面试是求职的重要一环，面试的表现关系着你能否入职和入职待遇，如何让自己在初入职场卖出一个好价钱？关注面试吧一起讨论吧！','http://localhost:8000/tieba/18/avatar',82,82,6,'2021-12-12 18:03:00','2021-12-12 18:03:43'),(19,'知识','让知识奢华地吧每一处都弥漫着淡雅幽香...','http://localhost:8000/tieba/19/avatar',63,63,8,'2021-12-12 18:09:19','2021-12-12 18:09:59'),(20,'益智游戏','益友来访，智者来相迎，游人观吧，戏说风云。','http://localhost:8000/tieba/20/avatar',63,63,9,'2021-12-12 18:12:20','2021-12-12 18:14:18'),(21,'大学','知识的乐园','http://localhost:8000/tieba/21/avatar',32,32,12,'2021-12-12 18:16:47','2021-12-12 18:20:32'),(22,'绿色食品','绿色生活，绿色食品，健康从绿色食品开始！','http://localhost:8000/tieba/22/avatar',24,24,7,'2021-12-12 18:23:01','2021-12-12 18:23:50'),(23,'跑步','心有境，跑无疆。','http://localhost:8000/tieba/23/avatar',48,48,7,'2021-12-12 18:26:06','2021-12-12 18:26:51'),(24,'国家','国事，家事，天下事！','http://localhost:8000/tieba/24/avatar',54,54,11,'2021-12-12 18:34:08','2021-12-12 18:35:34'),(25,'代码','爱好代码的专业及业余人员的交流中心',NULL,85,85,4,'2021-12-12 18:40:27','2021-12-12 18:40:40'),(26,'购物','购物交流，好东西和大家一起分享！',NULL,85,85,3,'2021-12-12 18:45:17','2021-12-12 18:45:27'),(27,'电脑','研究电脑各种技术','http://localhost:8000/tieba/27/avatar',57,57,5,'2021-12-12 18:48:43','2021-12-12 18:49:38'),(28,'就业','为就业提供正确的指引方向','http://localhost:8000/tieba/28/avatar',57,57,6,'2021-12-12 18:52:54','2021-12-12 18:53:42'),(29,'小说','知识的海洋','http://localhost:8000/tieba/29/avatar',71,71,8,'2021-12-12 18:57:22','2021-12-12 18:58:30'),(30,'大数据','大数据开启你的”薪”时代',NULL,71,71,5,'2021-12-12 19:01:16','2021-12-12 19:02:04'),(31,'企业','为广大创业的朋友提供一个交流学习的平台','http://localhost:8000/tieba/31/avatar',75,75,12,'2021-12-12 19:19:14','2021-12-12 19:20:29'),(32,'mysql','mysql吧遇到志同道合的人，让我们来讨论技术上的问题','http://localhost:8000/tieba/32/avatar',90,90,4,'2021-12-12 19:35:48','2021-12-12 19:36:38'),(33,'数据结构与算法','数据结构与算法是介于数学、计算机硬件和计算机软件三者之间的一门课程。','http://localhost:8000/tieba/33/avatar',90,90,8,'2021-12-12 19:40:31','2021-12-12 19:41:33'),(34,'动物','动物爱好者的家园','http://localhost:8000/tieba/34/avatar',72,72,13,'2021-12-12 19:45:55','2021-12-12 19:46:48'),(35,'小程序','小程序是一种不需要下载安装即可使用的应用，它实现了应用‘触手可及的梦想，用户扫一扫或搜索一下即可打开应用。’','http://localhost:8000/tieba/35/avatar',72,72,4,'2021-12-12 19:51:06','2021-12-12 19:53:14'),(36,'vue','vue方便易学的景观软件','http://localhost:8000/tieba/36/avatar',41,41,4,'2021-12-12 20:00:56','2021-12-12 20:01:54'),(37,'网络安全','本吧探讨网络信息安全行业相关内容，提供网安相关资讯与技术交流，网安学习与培训咨询，欢迎大家踊跃发言交流！','http://localhost:8000/tieba/37/avatar',31,31,5,'2021-12-12 20:05:49','2021-12-12 20:06:49'),(38,'生命','生活因拥有生命而精彩！','http://localhost:8000/tieba/38/avatar',38,38,3,'2021-12-12 20:09:58','2021-12-12 20:10:55'),(39,'秋天','我们都生活在阴沟里，但仍有人仰望星空。','http://localhost:8000/tieba/39/avatar',38,38,13,'2021-12-12 20:12:57','2021-12-12 20:13:57');

/*Table structure for table `tieba_avatar` */

DROP TABLE IF EXISTS `tieba_avatar`;

CREATE TABLE `tieba_avatar` (
  `id` int(11) NOT NULL AUTO_INCREMENT,
  `filename` varchar(100) NOT NULL,
  `mimetype` varchar(30) DEFAULT NULL,
  `size` int(11) DEFAULT NULL,
  `tieba_id` int(11) DEFAULT NULL,
  `createAt` timestamp NOT NULL DEFAULT CURRENT_TIMESTAMP,
  `updateAt` timestamp NOT NULL DEFAULT CURRENT_TIMESTAMP ON UPDATE CURRENT_TIMESTAMP,
  PRIMARY KEY (`id`),
  UNIQUE KEY `filename` (`filename`),
  KEY `tieba_id` (`tieba_id`),
  CONSTRAINT `tieba_avatar_ibfk_1` FOREIGN KEY (`tieba_id`) REFERENCES `tieba` (`id`) ON DELETE CASCADE ON UPDATE CASCADE
) ENGINE=InnoDB AUTO_INCREMENT=38 DEFAULT CHARSET=utf8mb4 COLLATE=utf8mb4_0900_ai_ci;

/*Data for the table `tieba_avatar` */

insert  into `tieba_avatar`(`id`,`filename`,`mimetype`,`size`,`tieba_id`,`createAt`,`updateAt`) values (1,'a5fc416de3737356ed372a066a02e49b','image/jpeg',20978,1,'2021-12-12 15:13:05','2021-12-12 15:13:05'),(2,'29a0f6dd14aa28a23d0e4887e7c08433','image/jpeg',117786,2,'2021-12-12 16:26:57','2021-12-12 16:26:57'),(3,'ad5f96729df2be7ac0db6488fb503104','image/jpeg',27665,3,'2021-12-12 17:05:02','2021-12-12 17:05:02'),(4,'5078bff9a28c9344a0613f40e7216e4c','image/jpeg',8588,4,'2021-12-12 17:07:28','2021-12-12 17:07:28'),(5,'c55c31cca7c3fe1314ae570a60f2cc0d','image/jpeg',12321,5,'2021-12-12 17:10:21','2021-12-12 17:10:21'),(6,'2ccdba9df0cef08f2b59724196b34fa2','image/jpeg',160610,6,'2021-12-12 17:14:35','2021-12-12 17:14:35'),(7,'8139fd0580eb0a2649e40c71f9b04749','image/jpeg',11665,7,'2021-12-12 17:19:36','2021-12-12 17:19:36'),(8,'eec05e71b613510e3f9d864bb9b66daf','image/jpeg',7108,8,'2021-12-12 17:23:40','2021-12-12 17:23:40'),(9,'f7cbef06d5a81f67626318bce8b53948','image/jpeg',137326,9,'2021-12-12 17:30:14','2021-12-12 17:30:14'),(10,'af8ec5142c0a556388a71fc66bd89aa5','image/jpeg',18024,10,'2021-12-12 17:33:34','2021-12-12 17:33:34'),(11,'091d7b2b57eecc5e5505132aaf7eed46','image/jpeg',25586,11,'2021-12-12 17:37:14','2021-12-12 17:37:14'),(12,'e6320655f6cb634c8b1dee6268bfc4e7','image/jpeg',7326,12,'2021-12-12 17:42:14','2021-12-12 17:42:14'),(13,'3d046c8fb4b5cc11b6ae107f60c3a086','image/jpeg',23789,13,'2021-12-12 17:44:39','2021-12-12 17:44:39'),(14,'2b2ce9ba05bd8be4a6a52edb84409ccc','image/jpeg',231713,14,'2021-12-12 17:49:01','2021-12-12 17:49:01'),(15,'1dc96687cb4bd63670043acc7b3cf5f3','image/jpeg',18720,15,'2021-12-12 17:54:30','2021-12-12 17:54:30'),(16,'dd16d41dff0a774062ce72e9b22331ea','image/jpeg',52147,16,'2021-12-12 17:56:45','2021-12-12 17:56:45'),(17,'d2aa85b11618e28c31e34476480e407b','image/jpeg',221216,17,'2021-12-12 18:00:04','2021-12-12 18:00:04'),(18,'7f01884d7595961d6f6fb66a87650190','image/jpeg',25183,18,'2021-12-12 18:03:43','2021-12-12 18:03:43'),(19,'6a4e1f3a0bbf91e837eb8fe76a0131af','image/jpeg',97411,19,'2021-12-12 18:09:59','2021-12-12 18:09:59'),(20,'8b511732d5583c654eea510d37035990','image/jpeg',28875,20,'2021-12-12 18:14:18','2021-12-12 18:14:18'),(21,'d692bfb91fd2bb9a64fe07b8b9694cd9','image/jpeg',128737,21,'2021-12-12 18:20:32','2021-12-12 18:20:32'),(22,'aa906d97db2a4cab62191a4a1b1bb966','image/jpeg',66502,22,'2021-12-12 18:23:50','2021-12-12 18:23:50'),(23,'21ca03fb84c01eab785df8abca16b3ff','image/jpeg',81700,23,'2021-12-12 18:26:50','2021-12-12 18:26:50'),(24,'bd6a9f99c53ff155ffd122c7db40a91e','image/jpeg',15105,24,'2021-12-12 18:35:10','2021-12-12 18:35:10'),(25,'371e64da77851530602ce1bd18b72737','image/jpeg',15105,24,'2021-12-12 18:35:34','2021-12-12 18:35:34'),(26,'8b13c48210b1daf2d0b45ece4d94c7a9','image/jpeg',20955,27,'2021-12-12 18:49:38','2021-12-12 18:49:38'),(27,'8ff977f261b08bd15c558668b4b5a881','image/jpeg',662475,28,'2021-12-12 18:53:42','2021-12-12 18:53:42'),(28,'6cbab76311da489fc2d086804528337e','image/jpeg',16132,29,'2021-12-12 18:58:30','2021-12-12 18:58:30'),(29,'a1d07267f1b5afb14f4d2962032e6366','image/jpeg',47536,31,'2021-12-12 19:20:29','2021-12-12 19:20:29'),(30,'7d93239279d6ad10f22d01ac1768568f','image/jpeg',43953,32,'2021-12-12 19:36:38','2021-12-12 19:36:38'),(31,'f88df898a84311e20833ebfe2ff21af6','image/jpeg',15816,33,'2021-12-12 19:41:33','2021-12-12 19:41:33'),(32,'5db59c1ab534f11f50cdab198173c95b','image/jpeg',31465,34,'2021-12-12 19:46:48','2021-12-12 19:46:48'),(33,'6c0ffd8619f535d754c2d2ae930257c7','image/jpeg',20007,35,'2021-12-12 19:53:14','2021-12-12 19:53:14'),(34,'105c1773cd8b1531b3bb27684091c42c','image/jpeg',14257,36,'2021-12-12 20:01:54','2021-12-12 20:01:54'),(35,'bbd9efef2152ea9322946047cf9f0e3c','image/jpeg',225865,37,'2021-12-12 20:06:49','2021-12-12 20:06:49'),(36,'7385942a1402faf537ea5fff44596eca','image/jpeg',16367,38,'2021-12-12 20:10:55','2021-12-12 20:10:55'),(37,'78052f8021598041fefa8e166b763e18','image/jpeg',313418,39,'2021-12-12 20:13:57','2021-12-12 20:13:57');

/*Table structure for table `tieba_focus_user` */

DROP TABLE IF EXISTS `tieba_focus_user`;

CREATE TABLE `tieba_focus_user` (
  `tieba_id` int(11) NOT NULL,
  `user_id` int(11) NOT NULL,
  `level` int(11) DEFAULT '1',
  `exp` int(11) DEFAULT '0',
  `createAt` timestamp NOT NULL DEFAULT CURRENT_TIMESTAMP,
  `updateAt` timestamp NOT NULL DEFAULT CURRENT_TIMESTAMP ON UPDATE CURRENT_TIMESTAMP,
  PRIMARY KEY (`tieba_id`,`user_id`),
  KEY `user_id` (`user_id`),
  CONSTRAINT `tieba_focus_user_ibfk_1` FOREIGN KEY (`tieba_id`) REFERENCES `tieba` (`id`) ON DELETE CASCADE ON UPDATE CASCADE,
  CONSTRAINT `tieba_focus_user_ibfk_2` FOREIGN KEY (`user_id`) REFERENCES `user` (`id`) ON DELETE CASCADE ON UPDATE CASCADE
) ENGINE=InnoDB DEFAULT CHARSET=utf8mb4 COLLATE=utf8mb4_0900_ai_ci;

/*Data for the table `tieba_focus_user` */

insert  into `tieba_focus_user`(`tieba_id`,`user_id`,`level`,`exp`,`createAt`,`updateAt`) values (1,1,12,3,'2021-12-12 14:53:50','2021-12-12 14:57:51'),(1,5,1,0,'2021-12-12 16:51:58','2021-12-12 16:51:58'),(1,46,1,0,'2021-12-12 22:02:20','2021-12-12 22:02:20'),(1,49,2,3,'2021-12-13 15:43:50','2021-12-13 15:43:52'),(2,5,3,6,'2021-12-12 16:09:00','2021-12-12 16:26:42'),(2,13,1,0,'2021-12-13 17:03:56','2021-12-13 17:03:56'),(2,15,1,0,'2021-12-13 17:01:39','2021-12-13 17:01:39'),(2,19,2,3,'2021-12-13 17:00:01','2021-12-13 17:00:02'),(2,27,1,0,'2021-12-13 17:10:38','2021-12-13 17:10:38'),(2,32,1,0,'2021-12-12 22:00:02','2021-12-12 22:00:02'),(2,35,1,0,'2021-12-13 17:04:25','2021-12-13 17:04:25'),(2,38,1,0,'2021-12-13 17:05:34','2021-12-13 17:05:34'),(2,41,1,0,'2021-12-13 17:06:22','2021-12-13 17:06:22'),(2,42,1,0,'2021-12-13 17:07:23','2021-12-13 17:07:23'),(2,62,1,0,'2021-12-13 17:12:26','2021-12-13 17:12:26'),(2,65,1,0,'2021-12-13 17:12:00','2021-12-13 17:12:00'),(3,6,1,0,'2021-12-13 16:23:36','2021-12-13 16:23:36'),(3,12,4,9,'2021-12-13 16:34:44','2021-12-13 16:35:51'),(3,16,2,3,'2021-12-13 14:44:51','2021-12-13 14:44:55'),(3,17,5,12,'2021-12-13 14:34:14','2021-12-13 14:34:51'),(3,30,2,3,'2021-12-13 14:42:10','2021-12-13 14:42:11'),(3,32,3,6,'2021-12-13 14:41:14','2021-12-13 14:41:21'),(3,33,7,18,'2021-12-12 16:56:24','2021-12-12 17:04:38'),(3,34,1,0,'2021-12-13 15:45:47','2021-12-13 15:45:47'),(3,36,1,0,'2021-12-13 15:47:28','2021-12-13 15:47:28'),(3,49,3,6,'2021-12-13 15:43:11','2021-12-13 15:43:19'),(3,52,2,3,'2021-12-13 15:34:33','2021-12-13 15:34:34'),(3,56,1,0,'2021-12-13 17:46:53','2021-12-13 17:46:53'),(3,60,3,6,'2021-12-13 15:57:27','2021-12-13 15:57:43'),(3,73,2,3,'2021-12-13 15:37:11','2021-12-13 15:37:21'),(3,74,4,9,'2021-12-13 15:44:37','2021-12-13 15:44:50'),(3,77,1,0,'2021-12-13 15:41:27','2021-12-13 15:41:27'),(3,78,5,12,'2021-12-13 15:59:13','2021-12-13 15:59:29'),(3,80,1,0,'2021-12-13 15:39:32','2021-12-13 15:39:32'),(3,83,1,0,'2021-12-13 16:03:08','2021-12-13 16:03:08'),(3,84,4,9,'2021-12-13 15:40:14','2021-12-13 15:40:53'),(3,88,1,0,'2021-12-13 16:03:36','2021-12-13 16:03:36'),(4,5,2,3,'2021-12-18 14:06:01','2021-12-18 14:06:04'),(4,8,1,0,'2021-12-12 17:20:50','2021-12-12 17:20:50'),(4,16,2,3,'2021-12-12 20:56:34','2021-12-12 20:56:35'),(4,18,1,0,'2021-12-12 21:06:49','2021-12-12 21:06:49'),(4,20,1,0,'2021-12-13 16:12:17','2021-12-13 16:12:17'),(4,21,1,0,'2021-12-12 22:19:53','2021-12-12 22:19:53'),(4,22,1,0,'2021-12-12 21:32:44','2021-12-12 21:32:44'),(4,25,1,0,'2021-12-12 21:03:41','2021-12-12 21:03:41'),(4,29,1,0,'2021-12-12 22:31:18','2021-12-12 22:31:18'),(4,33,4,9,'2021-12-12 17:06:24','2021-12-12 17:06:41'),(4,34,1,0,'2021-12-12 22:28:10','2021-12-12 22:28:10'),(4,35,1,0,'2021-12-12 21:30:16','2021-12-12 21:30:16'),(4,39,1,0,'2021-12-12 22:26:42','2021-12-12 22:26:42'),(4,46,1,0,'2021-12-12 22:01:45','2021-12-12 22:01:45'),(4,59,1,0,'2021-12-12 21:36:55','2021-12-12 21:36:55'),(4,66,1,0,'2021-12-12 21:41:42','2021-12-12 21:41:42'),(4,69,1,0,'2021-12-12 22:18:56','2021-12-12 22:18:56'),(4,71,2,3,'2021-12-13 22:17:23','2021-12-13 22:17:24'),(4,73,1,0,'2021-12-12 22:03:36','2021-12-12 22:03:36'),(4,79,1,0,'2021-12-12 21:55:16','2021-12-12 21:55:16'),(4,81,1,0,'2021-12-12 22:08:52','2021-12-12 22:08:52'),(5,21,4,9,'2021-12-12 17:09:36','2021-12-12 17:09:44'),(5,33,2,3,'2021-12-12 20:34:04','2021-12-12 20:34:05'),(5,37,1,0,'2021-12-12 20:47:35','2021-12-12 20:47:35'),(6,4,3,6,'2021-12-13 16:06:08','2021-12-13 16:06:16'),(6,8,3,6,'2021-12-12 17:12:54','2021-12-12 17:13:05'),(6,22,1,0,'2021-12-13 16:13:38','2021-12-13 16:13:38'),(6,31,1,0,'2021-12-13 16:15:47','2021-12-13 16:15:47'),(7,6,1,0,'2021-12-13 16:21:25','2021-12-13 16:21:25'),(7,7,1,0,'2021-12-13 16:20:00','2021-12-13 16:20:00'),(7,8,7,18,'2021-12-12 17:17:28','2021-12-12 17:17:49'),(7,12,1,0,'2021-12-13 16:28:24','2021-12-13 16:28:24'),(7,15,1,0,'2021-12-13 16:24:30','2021-12-13 16:24:30'),(7,31,2,3,'2021-12-13 16:18:11','2021-12-13 16:18:12'),(8,31,3,6,'2021-12-12 17:22:43','2021-12-12 17:22:51'),(9,5,1,0,'2021-12-18 14:09:34','2021-12-18 14:09:34'),(9,26,4,9,'2021-12-12 17:28:16','2021-12-12 17:28:27'),(9,67,1,0,'2021-12-13 17:37:07','2021-12-13 17:37:07'),(9,78,2,3,'2021-12-13 17:32:51','2021-12-13 17:33:48'),(9,79,1,0,'2021-12-13 17:35:31','2021-12-13 17:35:31'),(9,84,1,0,'2021-12-13 17:34:38','2021-12-13 17:34:38'),(10,37,5,12,'2021-12-12 17:32:29','2021-12-12 17:32:43'),(11,64,8,21,'2021-12-12 17:35:57','2021-12-12 17:36:19'),(11,89,2,3,'2021-12-13 17:54:20','2021-12-13 17:57:44'),(12,7,2,3,'2021-12-13 18:56:41','2021-12-13 18:56:41'),(12,17,1,0,'2021-12-13 19:01:03','2021-12-13 19:01:03'),(12,68,5,12,'2021-12-12 17:39:49','2021-12-12 17:40:01'),(13,50,1,0,'2021-12-13 17:17:36','2021-12-13 17:17:36'),(13,61,3,6,'2021-12-13 17:16:17','2021-12-13 17:16:23'),(13,63,1,0,'2021-12-13 17:19:23','2021-12-13 17:19:23'),(13,69,1,0,'2021-12-13 17:18:26','2021-12-13 17:18:26'),(13,74,3,6,'2021-12-12 17:43:52','2021-12-12 17:43:58'),(13,76,1,0,'2021-12-13 17:20:31','2021-12-13 17:20:31'),(13,90,1,0,'2021-12-13 17:22:24','2021-12-13 17:22:24'),(14,77,4,9,'2021-12-12 17:48:01','2021-12-12 17:48:10'),(15,84,5,12,'2021-12-12 17:53:11','2021-12-12 17:53:27'),(16,78,3,6,'2021-12-12 17:55:53','2021-12-12 17:56:02'),(17,12,1,0,'2021-12-13 16:34:52','2021-12-13 16:34:52'),(17,53,3,6,'2021-12-12 17:58:55','2021-12-12 17:59:03'),(18,70,1,0,'2021-12-13 18:00:18','2021-12-13 18:00:18'),(18,71,1,0,'2021-12-13 22:26:31','2021-12-13 22:26:31'),(18,77,1,0,'2021-12-13 18:03:22','2021-12-13 18:03:22'),(18,82,5,12,'2021-12-12 18:03:00','2021-12-12 18:03:12'),(18,89,2,3,'2021-12-13 17:58:34','2021-12-13 17:58:35'),(19,30,1,0,'2021-12-13 18:31:54','2021-12-13 18:31:54'),(19,51,1,0,'2021-12-13 18:27:10','2021-12-13 18:27:10'),(19,57,2,3,'2021-12-13 18:25:11','2021-12-13 18:25:11'),(19,63,4,9,'2021-12-12 18:09:19','2021-12-12 18:09:28'),(20,63,6,15,'2021-12-12 18:12:20','2021-12-12 18:12:39'),(21,32,4,9,'2021-12-12 18:16:47','2021-12-12 18:16:56'),(22,24,3,6,'2021-12-12 18:23:01','2021-12-12 18:23:06'),(23,36,1,0,'2021-12-13 18:13:47','2021-12-13 18:13:47'),(23,48,3,6,'2021-12-12 18:26:06','2021-12-12 18:26:12'),(23,49,1,0,'2021-12-13 18:13:19','2021-12-13 18:13:19'),(23,59,1,0,'2021-12-13 18:20:45','2021-12-13 18:20:45'),(23,60,1,0,'2021-12-13 18:18:28','2021-12-13 18:18:28'),(23,64,1,0,'2021-12-13 18:20:13','2021-12-13 18:20:13'),(23,70,1,0,'2021-12-13 18:11:29','2021-12-13 18:11:29'),(23,72,1,0,'2021-12-13 18:09:48','2021-12-13 18:09:48'),(23,83,1,0,'2021-12-13 18:08:48','2021-12-13 18:08:48'),(23,86,2,3,'2021-12-13 18:07:14','2021-12-13 18:07:15'),(24,7,2,3,'2021-12-13 18:53:48','2021-12-13 18:56:36'),(24,10,1,0,'2021-12-13 19:03:06','2021-12-13 19:03:06'),(24,54,5,12,'2021-12-12 18:34:08','2021-12-12 18:34:23'),(25,85,3,6,'2021-12-12 18:40:27','2021-12-12 18:40:33'),(26,85,3,6,'2021-12-12 18:45:17','2021-12-12 18:45:22'),(27,39,1,0,'2021-12-13 17:44:29','2021-12-13 17:44:29'),(27,54,1,0,'2021-12-13 17:43:38','2021-12-13 17:43:38'),(27,56,1,0,'2021-12-13 17:45:10','2021-12-13 17:45:10'),(27,57,5,12,'2021-12-12 18:48:43','2021-12-12 18:48:54'),(27,58,1,0,'2021-12-13 17:42:45','2021-12-13 17:42:45'),(27,59,2,3,'2021-12-13 17:41:20','2021-12-13 17:41:21'),(28,57,4,9,'2021-12-12 18:52:54','2021-12-12 18:53:01'),(29,71,3,6,'2021-12-12 18:57:22','2021-12-12 18:57:26'),(30,71,7,18,'2021-12-12 19:01:16','2021-12-12 19:01:34'),(31,26,2,3,'2021-12-13 19:05:20','2021-12-13 19:05:21'),(31,46,1,0,'2021-12-13 19:07:41','2021-12-13 19:07:41'),(31,75,5,12,'2021-12-12 19:19:14','2021-12-12 19:19:26'),(32,12,2,3,'2021-12-13 16:36:35','2021-12-13 16:36:36'),(32,14,1,0,'2021-12-13 16:40:42','2021-12-13 16:40:42'),(32,90,3,6,'2021-12-12 19:35:48','2021-12-12 19:35:52'),(33,8,1,0,'2021-12-13 18:40:53','2021-12-13 18:40:53'),(33,11,2,3,'2021-12-13 18:36:08','2021-12-13 18:36:09'),(33,13,1,0,'2021-12-13 18:37:48','2021-12-13 18:37:48'),(33,90,4,9,'2021-12-12 19:40:31','2021-12-12 19:40:46'),(34,44,2,3,'2021-12-13 19:11:40','2021-12-13 19:11:41'),(34,47,1,0,'2021-12-13 19:15:44','2021-12-13 19:15:44'),(34,62,1,0,'2021-12-13 19:18:12','2021-12-13 19:18:12'),(34,72,3,6,'2021-12-12 19:45:55','2021-12-12 19:46:01'),(34,82,1,0,'2021-12-13 19:31:16','2021-12-13 19:31:16'),(35,71,1,0,'2021-12-13 21:54:52','2021-12-13 21:54:52'),(35,72,5,12,'2021-12-12 19:51:06','2021-12-12 19:53:32'),(35,74,1,0,'2021-12-13 21:51:00','2021-12-13 21:51:00'),(35,85,2,3,'2021-12-13 21:44:48','2021-12-13 21:44:49'),(36,4,1,0,'2021-12-13 22:29:19','2021-12-13 22:29:19'),(36,5,1,0,'2021-12-13 16:52:49','2021-12-13 16:52:49'),(36,8,1,0,'2021-12-13 16:54:58','2021-12-13 16:54:58'),(36,14,8,21,'2021-12-13 16:41:29','2021-12-13 16:41:51'),(36,23,1,0,'2021-12-13 16:45:47','2021-12-13 16:45:47'),(36,41,6,15,'2021-12-12 20:00:56','2021-12-12 20:01:11'),(36,71,1,0,'2021-12-13 22:27:41','2021-12-13 22:27:41'),(37,4,2,3,'2021-12-13 16:10:10','2021-12-13 16:10:10'),(37,20,1,0,'2021-12-13 16:11:57','2021-12-13 16:11:57'),(37,31,4,9,'2021-12-12 20:05:52','2021-12-12 20:06:01'),(38,38,5,12,'2021-12-12 20:09:58','2021-12-12 20:10:14'),(38,81,1,0,'2021-12-13 17:30:31','2021-12-13 17:30:31'),(38,90,2,3,'2021-12-13 17:26:30','2021-12-13 17:28:43'),(39,38,4,9,'2021-12-12 20:12:57','2021-12-12 20:13:04');

/*Table structure for table `user` */

DROP TABLE IF EXISTS `user`;

CREATE TABLE `user` (
  `id` int(11) NOT NULL AUTO_INCREMENT,
  `username` varchar(50) NOT NULL,
  `nickname` varchar(50) DEFAULT NULL,
  `password` varchar(50) NOT NULL,
  `gender` varchar(10) DEFAULT NULL,
  `avatar_url` varchar(200) DEFAULT NULL,
  `introduction` varchar(500) DEFAULT '这人很懒，什么也没有留下。',
  `members` int(11) DEFAULT '0',
  `createAt` timestamp NOT NULL DEFAULT CURRENT_TIMESTAMP,
  `updateAt` timestamp NOT NULL DEFAULT CURRENT_TIMESTAMP ON UPDATE CURRENT_TIMESTAMP,
  PRIMARY KEY (`id`),
  UNIQUE KEY `username` (`username`),
  UNIQUE KEY `nickname` (`nickname`)
) ENGINE=InnoDB AUTO_INCREMENT=91 DEFAULT CHARSET=utf8mb4 COLLATE=utf8mb4_0900_ai_ci;

/*Data for the table `user` */

insert  into `user`(`id`,`username`,`nickname`,`password`,`gender`,`avatar_url`,`introduction`,`members`,`createAt`,`updateAt`) values (1,'admin','admin','7e675e79983e18b5b6e42826aa724194','男','http://localhost:8000/user/1/avatar','贴吧权限管理',0,'2021-12-11 19:49:58','2021-12-11 20:11:32'),(2,'贴吧小管家','贴吧小管家','da1c1de89e48af68afa242ed35abac19','男','http://localhost:8000/user/2/avatar','管理贴吧用户，维护平台良好秩序！',0,'2021-12-11 20:21:12','2021-12-11 20:26:26'),(3,'贴吧小助手','贴吧小助手','508adea94a04831c2b88fb0942f85dd3','女','http://localhost:8000/user/3/avatar','小助手~',0,'2021-12-11 20:27:39','2021-12-11 20:32:12'),(4,'张小三','张小三','3c4d5538c58e5917683bba777dddf183','男','http://localhost:8000/user/4/avatar','最简单事是坚持，最难事还是坚持。',0,'2021-12-11 20:37:14','2021-12-11 20:44:26'),(5,'李小四','小四','3b94a011aa12df93b7f5e4dda3bc110e','女','http://localhost:8000/user/5/avatar','在真实生命里，每桩伟业都由信心开始，并由信心跨出第一步',0,'2021-12-11 20:45:12','2021-12-11 20:47:28'),(6,'王小五','五五','ff69602c271a0a43d126f0993798d58c','男','http://localhost:8000/user/6/avatar','我们必须拿我们所有，去换我们所没有。',0,'2021-12-11 21:05:13','2021-12-11 21:07:07'),(7,'苹果','苹果','785a614978d826399bf7ec3b57952c88',NULL,'http://localhost:8000/user/7/avatar','不傲才以骄人，不以宠而作威。',0,'2021-12-11 21:07:54','2021-12-11 21:16:49'),(8,'快乐编程',NULL,'145f2bf964f98c406f653f361485382f','男','http://localhost:8000/user/8/avatar','心大则百物皆通，心小则百物皆病。',0,'2021-12-11 21:27:30','2021-12-11 21:29:29'),(9,'小草','小草','1f2365478c0756ce7f42b4fadc7d5293','女','http://localhost:8000/user/9/avatar','人生最美好的东西，就是他同别人的友谊。',0,'2021-12-11 21:30:22','2021-12-11 21:31:57'),(10,'笑笑',NULL,'845d5f1153c27beed29f479640445148','男','http://localhost:8000/user/10/avatar','',0,'2021-12-11 21:32:24','2021-12-11 21:33:39'),(11,'小白','墨小白','9fd00aba1fd30c80c943b1b25065b72d',NULL,NULL,'',0,'2021-12-11 21:34:08','2021-12-11 21:35:19'),(12,'6311','花小蕊','a62be9eeedbfd13645035014aa532b63','女','http://localhost:8000/user/12/avatar','自己的鞋子，自己知道紧在哪里。',0,'2021-12-11 21:35:46','2021-12-11 21:37:34'),(13,'玉玉',NULL,'df3d53a39c9dc40ef40450be60bb53a0','女','http://localhost:8000/user/13/avatar','命运很像撒娇任*的女人，只喜爱好些泼辣果敢的人，对于他们才百依百顺，惟命是从呢。',0,'2021-12-11 21:38:07','2021-12-11 21:39:27'),(14,'小虫子','小虫子','003a861d6e54a5319bc9df969fbd23dc',NULL,'http://localhost:8000/user/14/avatar','',0,'2021-12-11 21:49:46','2021-12-11 21:54:09'),(15,'橙子',NULL,'4c7a4e962e64efebf6f5d5e3c4a77e67','男','http://localhost:8000/user/15/avatar','人是为了思考才被创造出来的。',0,'2021-12-11 21:54:36','2021-12-11 21:55:52'),(16,'小凡','小凡','02582790e915d60674a755909fb6698b','男',NULL,'',0,'2021-12-11 21:56:17','2021-12-11 21:56:43'),(17,'梦幻','梦幻','74e0d7b25809071491c394960cf35004','女','http://localhost:8000/user/17/avatar','世间的活动，缺点虽多，但仍是美好的。',0,'2021-12-11 21:57:17','2021-12-11 21:58:36'),(18,'a9a5c','哈哈','d03690702e0ca8da2b01cbacd4e5be88',NULL,NULL,'',0,'2021-12-11 22:00:31','2021-12-11 22:01:11'),(19,'小学生','小学生','9b32f1e5e9ffc4a050de50acf8b9bd53',NULL,NULL,'人生至愚是恶闻已过，人生至恶是善谈人过。',0,'2021-12-11 22:01:50','2021-12-11 22:03:21'),(20,'妮妮安','','76d5902b029ba1bd7f133fe0f44bdf69','女','http://localhost:8000/user/20/avatar','青,取之于蓝而青于蓝。',0,'2021-12-11 22:03:49','2021-12-11 22:04:57'),(21,'会掉发的程序员','会掉发的程序员','f78778c5bf1273d5479abbd4356a4abe','男','http://localhost:8000/user/21/avatar','三更灯火五更鸡,正是男儿发愤时。黑发不知勤学早,白首方悔读书迟。',0,'2021-12-11 22:05:39','2021-12-11 22:08:49'),(22,'星星','小星星','812ce79aa6a848480d0bc08e09d0c684',NULL,'http://localhost:8000/user/22/avatar','',0,'2021-12-11 22:09:25','2021-12-11 22:10:23'),(23,'吃个桃桃','好凉凉','b0aabe4c1c94c85b1c9f3fccf28e8ac8',NULL,'http://localhost:8000/user/23/avatar','冰冻黄桃罐头，嗯~好凉凉',0,'2021-12-11 22:11:22','2021-12-11 22:14:31'),(24,'泡泡','泡泡','c5bd1ba18752a1cd7f5f40831753274b','女','http://localhost:8000/user/24/avatar','青山遮不住,毕竟东流去。',0,'2021-12-11 22:15:04','2021-12-11 22:16:06'),(25,'西瓜','瓜哥','07ab8cc29ad6324a2210c5b6cddd1291','男','http://localhost:8000/user/25/avatar','夏天到了',0,'2021-12-11 22:16:34','2021-12-11 22:17:54'),(26,'三叶草','三叶草','31805c0949799697477deaca704237eb',NULL,'http://localhost:8000/user/26/avatar','穷则变,变则通,通则久。',0,'2021-12-11 22:18:22','2021-12-11 22:19:25'),(27,'果果','果果','a8ca225b8d437430b8697480b764ba1d',NULL,NULL,'',0,'2021-12-11 22:19:54','2021-12-11 22:20:18'),(28,'孙笑川','晦气','dec1cc4ba4af654d7e065482c87cb9d0','男','http://localhost:8000/user/28/avatar','我是天皇...',0,'2021-12-11 22:21:18','2021-12-11 22:28:00'),(29,'糖果',NULL,'4486bded8702dc29c15e76d1682b0a14',NULL,NULL,'喜欢草莓味儿的糖果~~',0,'2021-12-11 22:28:44','2021-12-11 22:30:00'),(30,'菊花',NULL,'e2f49ecd05e336c14abc2ec0f03306a5',NULL,NULL,'这人很懒，什么也没有留下。',0,'2021-12-11 22:30:39','2021-12-11 22:30:39'),(31,'技术人','技术人','cd8a82af85b930331a57e975f616d785','男','http://localhost:8000/user/31/avatar','失望，有时候也是一种幸福，因为有所期待所以才会失望。因为有爱，才会有期待，所以纵使失望，也是一种幸福，虽然这种幸福有点痛。',0,'2021-12-11 22:31:32','2021-12-11 22:33:09'),(32,'坚持是一种态度','坚持也是一种态度','709a5947e222e4b2cd252d7e23271a33','女','http://localhost:8000/user/32/avatar','一个人往往会偏爱一个不值得爱的人，因为感情本来就如一匹脱缰的野马，谁也无法控制，谁也无可奈何。',0,'2021-12-11 22:33:44','2021-12-11 22:35:20'),(33,'码农','终码一生','7cd22dac40674205180b9be5cc2437df','男','http://localhost:8000/user/33/avatar','抓住今天，胜似两个明天。',0,'2021-12-11 22:35:47','2021-12-11 22:39:26'),(34,'小萌新','小萌新','38b448647cbfb4ffdb92ee609469e960','男','http://localhost:8000/user/34/avatar','以此态度求学，则真理可明，以此态度作事，则功业可就。',0,'2021-12-11 22:39:54','2021-12-11 22:42:09'),(35,'鲲鲲','鲲鲲','1d0970d866bc09477ff63a2a9fff4901','女','http://localhost:8000/user/35/avatar','出来打球吗？',0,'2021-12-11 22:42:35','2021-12-11 22:47:21'),(36,'淡淡的愉悦',NULL,'6082583c26245cca33ccbc248fe45503',NULL,NULL,'时间是衡量事业的标准。',0,'2021-12-11 22:48:04','2021-12-11 22:48:37'),(37,'朦胧','朦胧','3c6022e574dc6279a306ffb0045b529c','女','http://localhost:8000/user/37/avatar','不饱食以终日，不弃功于寸*。',0,'2021-12-11 22:49:00','2021-12-11 22:49:52'),(38,'明月','月儿','793baf45d5191d39ebd1f1f0d1e0b393','女',NULL,'',0,'2021-12-11 22:50:24','2021-12-11 22:50:45'),(39,'吴亦凡','吴签','f2965a1a7c1e5e54ee73398ff1897541','男','http://localhost:8000/user/39/avatar','狱友吴签',0,'2021-12-11 22:51:12','2021-12-11 22:55:44'),(40,'wait',NULL,'5892109d75c9e2959b5b8b176d3268fe',NULL,NULL,'这人很懒，什么也没有留下。',0,'2021-12-11 22:56:14','2021-12-11 22:56:14'),(41,'聆听','聆听','d0e64e3594cd834fb3c67e4246d3ae6f','男',NULL,'',0,'2021-12-11 22:56:40','2021-12-11 22:57:00'),(42,'重拾记忆',NULL,'9d53940549c321c8f44849960ebec45c',NULL,NULL,'时间是一位可爱的恋人，对你是多么的爱慕倾心，每分每秒都在叮嘱；劳动、创造、别虚度了一生。',0,'2021-12-11 22:57:48','2021-12-11 22:58:17'),(43,'初心','初心','56b6bd660b95baa26a055acf02be4508','女','http://localhost:8000/user/43/avatar','',0,'2021-12-11 22:58:53','2021-12-11 22:59:50'),(44,'路人',NULL,'275da48c2473ec8ef2084bcc8edd41b9','男',NULL,'',0,'2021-12-11 23:00:11','2021-12-11 23:00:25'),(45,'馋嘴猫','馋嘴猫','1cd09a2bf1c74b8a4e881070cc3ec633',NULL,NULL,'',0,'2021-12-11 23:00:53','2021-12-11 23:01:16'),(46,'起风了','起风了','9288b7d1554ca43f9dd99bddbfb80f69','男',NULL,'抛弃今天的人，不会有明天；而昨天，不过是行云流水。',0,'2021-12-11 23:01:33','2021-12-11 23:02:05'),(47,'沉默的羔羊','沉默的羔羊','df5cd394f15c5e049f8402d6f1589a51',NULL,'http://localhost:8000/user/47/avatar','',0,'2021-12-11 23:02:24','2021-12-11 23:03:13'),(48,'Andily','Andily','ec449e75518ab9a33f1af5bd36caca5a','女',NULL,'',0,'2021-12-11 23:03:32','2021-12-11 23:03:57'),(49,'田所浩二','野兽先辈','d01c62193d9aae3b8bb43f4147b9e0e2','男','http://localhost:8000/user/49/avatar','啊啊啊啊啊~啊啊啊啊啊~~啊啊啊啊啊啊啊~~~',0,'2021-12-11 23:04:25','2021-12-11 23:07:13'),(50,'田所浩三','恶臭','b1ff605a78be262e3bbd4a81070c8916','男','http://localhost:8000/user/50/avatar','',0,'2021-12-11 23:07:37','2021-12-11 23:12:41'),(51,'水流',NULL,'d36463d7b3c01369f9c8f1a9cc5cc0a8','女','http://localhost:8000/user/51/avatar','逆水行舟用力撑，一篙松劲退千寻；古云“此日足可惜”，吾辈更应惜秒',0,'2021-12-11 23:13:04','2021-12-11 23:14:42'),(52,'小仙女','小仙女','22a0e9b0ce44678f44951e3f6b6af986','女','http://localhost:8000/user/52/avatar','青春虚度无所成，白首衔悲亦何及。',0,'2021-12-11 23:15:20','2021-12-11 23:19:08'),(53,'深秋的落叶','深秋的落叶','4956878d776d0314a04eaa499ccf4805','男','http://localhost:8000/user/53/avatar','当你的希望一个个落空，你也要坚定，要沉着！',0,'2021-12-11 23:19:36','2021-12-11 23:22:10'),(54,'async','async','51878a83c5bcab2c51ee18de84ee2966','男',NULL,'和你一同笑过的人，你可能把他忘掉，但是和你一同哭过的人，你却永远不忘。',0,'2021-12-11 23:22:28','2021-12-11 23:23:10'),(55,'香蕉君','蕉哥','9519f0de471677c75b72de3b35d3c099','男','http://localhost:8000/user/55/avatar','♂',0,'2021-12-11 23:23:29','2021-12-11 23:25:00'),(56,'颜色','绿色','6885550c9c6c737630bcbffafa4798c6',NULL,'http://localhost:8000/user/56/avatar','生命如同寓言，其价值不在与长短，而在与内容。',0,'2021-12-11 23:25:25','2021-12-11 23:26:53'),(57,'Beinin','Beinin','8d006cf95fbf4740ec44b4dc3b706e28','男','http://localhost:8000/user/57/avatar','世间的活动，缺点虽多，但仍是美好的。',0,'2021-12-11 23:27:16','2021-12-11 23:28:37'),(58,'兔兔','兔兔','d52cf325b80c43523ac3c6a5bec02332','女','http://localhost:8000/user/58/avatar','',0,'2021-12-11 23:28:56','2021-12-11 23:29:47'),(59,'王大仙','王大仙','eb084936a8bc552a56e6f8ded7207723','男','http://localhost:8000/user/59/avatar','勤奋者废寝忘食，懒惰人总没有时间。',0,'2021-12-11 23:30:11','2021-12-11 23:32:54'),(60,'蔡徐坤','鸡你太美','8cf15d6aaf734cd1f15db94bba4a6e5a','女','http://localhost:8000/user/60/avatar','鸡你太美~鸡你实在太美~',0,'2021-12-11 23:33:16','2021-12-13 15:58:24'),(61,'牛头人','牛爷爷','c47ab49bde7201396e4f217d6b5c8435','男','http://localhost:8000/user/61/avatar','俺是你牛爷爷啊',0,'2021-12-11 23:38:19','2021-12-11 23:42:36'),(62,'龙卷风',NULL,'272e35b438eb630787b629c05d708004',NULL,'http://localhost:8000/user/62/avatar','哼，想逃？ 闪电旋风劈',0,'2021-12-11 23:39:41','2021-12-12 14:27:41'),(63,'蓝莓冰红茶',NULL,'18c656fcc1d91ce0e74efb4012c371cc',NULL,'http://localhost:8000/user/63/avatar','知足是天然的财富，奢侈是人为的贫穷。',0,'2021-12-11 23:43:02','2021-12-11 23:44:22'),(64,'格格巫','格格巫','46c4b30fa4f0f27671bc41e34869772a','女','http://localhost:8000/user/64/avatar','没有承受困难的能力，就没有希望了。',0,'2021-12-11 23:44:49','2021-12-11 23:46:00'),(65,'顶针','义眼顶针','efd9710d7d5dc380b7dea394e22b8ce8','男',NULL,'我很纯真，扎不多嘚嘞！',0,'2021-12-11 23:46:49','2021-12-12 14:32:51'),(66,'朵朵',NULL,'407de5e0d85a21d317de8def45fa331b','女','http://localhost:8000/user/66/avatar','爱自己的孩子是人，爱别人的孩子是神。',0,'2021-12-11 23:48:35','2021-12-11 23:49:32'),(67,'小黄瓜','小黄瓜','d30f1bce4c496261bdf5bf9a36a2e1d9',NULL,'http://localhost:8000/user/67/avatar','',0,'2021-12-11 23:49:51','2021-12-11 23:52:20'),(68,'逢场作戏','逢场作戏','75ae338bc2b77153b95e9c2325d6d243','男','http://localhost:8000/user/68/avatar','我们唯一不会改正的缺点是软弱。',0,'2021-12-11 23:52:39','2021-12-11 23:54:41'),(69,'胖虎','胖虎','9a72c3d5e74f6051bb3b3590fa9319fe','男','http://localhost:8000/user/69/avatar','',0,'2021-12-12 13:47:09','2021-12-12 13:50:42'),(70,'高达','高达','38c319577831142bdbdd12fba35cdafd',NULL,'http://localhost:8000/user/70/avatar','',0,'2021-12-12 13:51:20','2021-12-12 13:54:52'),(71,'play','play','7230aa464083e898c11d353d57dd05fb','男','http://localhost:8000/user/71/avatar','活着一天，就是有福气，就该珍惜。当我哭泣我没有鞋子穿的时候，我发现有人却没有脚。',0,'2021-12-12 13:55:13','2021-12-12 13:56:24'),(72,'汤姆','汤姆','792ded9113cc6226b33fd69b6bd160c7','男','http://localhost:8000/user/72/avatar','过错是暂时的遗憾，而错过则是永远的遗憾!',0,'2021-12-12 13:56:43','2021-12-12 13:58:02'),(73,'时光巷陌',NULL,'d687b1599c57d32cf7ac614d91cfe5f6',NULL,'http://localhost:8000/user/73/avatar','笑对人生，能穿透迷雾;笑对人生，能坚持到底;笑对人生，能化解危机;笑对人生，能照亮黑暗。',0,'2021-12-12 13:58:23','2021-12-12 13:59:43'),(74,'甜甜','甜甜','9b45e767f6bdf6b73ca127895f482eff','女','http://localhost:8000/user/74/avatar','长得漂亮是优势，活得漂亮是本事。',0,'2021-12-12 14:00:05','2021-12-12 14:01:14'),(75,'月牙',NULL,'14d5103babb1708a71761a541848ca42','女','http://localhost:8000/user/75/avatar','环境不会改变，解决之道在于改变自己。',0,'2021-12-12 14:01:34','2021-12-12 14:02:39'),(76,'二哈','哈哥','7bd915bd99b1dc9774356ebc4c486056','男','http://localhost:8000/user/76/avatar','宁愿做过了后悔，也不要错过了后悔。',0,'2021-12-12 14:02:57','2021-12-12 14:04:23'),(77,'比利','比利','c47a6b7a116c5a76908cbd03840cdd8e','男','http://localhost:8000/user/77/avatar','我们心中的恐惧，永远比真正的危险巨大的多。',0,'2021-12-12 14:04:46','2021-12-12 14:05:51'),(78,'Janter','Janter','bfd6cb4946c683dce39abe8b68874e54','女','http://localhost:8000/user/78/avatar','人一生下就会哭，笑是后来才学会的。所以忧伤是一种低级的本能，而快乐是一种更高级的能力。',0,'2021-12-12 14:06:14','2021-12-12 14:08:26'),(79,'狗头','狗头','835a16d85f2c60446691e43b139616cd',NULL,'http://localhost:8000/user/79/avatar','突破心理障碍，才能超越自己。',0,'2021-12-12 14:08:42','2021-12-12 14:10:33'),(80,'梦醒',NULL,'2133cebaf55cb93dbe4e1ef56232ec3c',NULL,NULL,'这人很懒，什么也没有留下。',0,'2021-12-12 14:11:41','2021-12-12 14:11:41'),(81,'春天',NULL,'38097b9ddce52cbc15205e8682cea6f8','女','http://localhost:8000/user/81/avatar','心念一转，万念皆转;心路一通，万路皆通。',0,'2021-12-12 14:12:07','2021-12-12 14:13:05'),(82,'少年','少年','cdc81d258f4866b8fa11df6ed478dc99','男','http://localhost:8000/user/82/avatar','再长的路，一步步也能走完，再短的路，不迈开双脚也无法到达。',0,'2021-12-12 14:13:25','2021-12-12 14:14:43'),(83,'小新','蜡笔小新','14d5cef31a2fccde671fea8106c27e2e','男','http://localhost:8000/user/83/avatar','',0,'2021-12-12 14:15:02','2021-12-12 14:15:42'),(84,'斜眼笑','滑稽','9cc037e8abd618233cd7e63000a616f4',NULL,'http://localhost:8000/user/84/avatar','行动不一定带来快乐，而无行动则决无快乐。',0,'2021-12-12 14:16:01','2021-12-12 14:16:51'),(85,'时光','时光','9a9bb5d6c716f3ae850f38a61440e708',NULL,NULL,'',0,'2021-12-12 14:17:10','2021-12-12 14:17:23'),(86,'小白兔','小白兔','ba4c5b9604a94c9024bbf5c6ad56af4a','女','http://localhost:8000/user/86/avatar','你可以一无所有，但绝不能一无是处。',0,'2021-12-12 14:17:39','2021-12-12 14:19:16'),(87,'mkopi','mkopi','6298f5cfff1338cb24a2d8a0ef456b61',NULL,'http://localhost:8000/user/87/avatar','',0,'2021-12-12 14:19:32','2021-12-12 14:20:40'),(88,'初见','初见','1a4b9c814e85588fd9ca5129fc64aa61',NULL,NULL,'',0,'2021-12-12 14:21:47','2021-12-12 14:22:03'),(89,'放逐','放逐','0a9cf97574fa735718eceec20e4cdf88',NULL,NULL,'',0,'2021-12-12 14:22:19','2021-12-12 14:22:37'),(90,'青春','青春','220524646726cfdf6530f307ea3db4d0','女','http://localhost:8000/user/90/avatar','如果我们有着快乐的思想，我们就会快乐;如果我们有着凄惨的思想，我们就会凄惨。',0,'2021-12-12 14:22:52','2021-12-12 14:24:00');

/*Table structure for table `user_avatar` */

DROP TABLE IF EXISTS `user_avatar`;

CREATE TABLE `user_avatar` (
  `id` int(11) NOT NULL AUTO_INCREMENT,
  `filename` varchar(100) NOT NULL,
  `mimetype` varchar(30) DEFAULT NULL,
  `size` int(11) DEFAULT NULL,
  `user_id` int(11) DEFAULT NULL,
  `createAt` timestamp NOT NULL DEFAULT CURRENT_TIMESTAMP,
  `updateAt` timestamp NOT NULL DEFAULT CURRENT_TIMESTAMP ON UPDATE CURRENT_TIMESTAMP,
  PRIMARY KEY (`id`),
  UNIQUE KEY `filename` (`filename`),
  KEY `user_id` (`user_id`),
  CONSTRAINT `user_avatar_ibfk_1` FOREIGN KEY (`user_id`) REFERENCES `user` (`id`) ON DELETE CASCADE ON UPDATE CASCADE
) ENGINE=InnoDB AUTO_INCREMENT=69 DEFAULT CHARSET=utf8mb4 COLLATE=utf8mb4_0900_ai_ci;

/*Data for the table `user_avatar` */

insert  into `user_avatar`(`id`,`filename`,`mimetype`,`size`,`user_id`,`createAt`,`updateAt`) values (1,'7546f4d33ca7200af1b921b0c38f2519','image/png',4972,1,'2021-12-11 20:11:32','2021-12-11 20:11:32'),(2,'7182341209ddb1df16018d20ee9a7353','image/png',5080,2,'2021-12-11 20:26:26','2021-12-11 20:26:26'),(3,'19d7b25edb44cd980c2f5f9ef26e457a','image/png',2292,3,'2021-12-11 20:32:12','2021-12-11 20:32:12'),(4,'7ea23c47ab46b0b19ae12112ace8cd6b','image/jpeg',4175,4,'2021-12-11 20:44:26','2021-12-11 20:44:26'),(5,'97ad67d6ccd61865de3519551408450e','image/jpeg',40154,5,'2021-12-11 20:47:28','2021-12-11 20:47:28'),(6,'32b05955b29a79dba370dd96e6e503df','image/jpeg',28160,6,'2021-12-11 21:07:07','2021-12-11 21:07:07'),(7,'8f3077ef14915523051a0625b92f4c73','image/jpeg',177675,7,'2021-12-11 21:10:30','2021-12-11 21:10:30'),(8,'90e9e124715c9e9214e8c4106a1fb096','image/jpeg',29586,8,'2021-12-11 21:29:29','2021-12-11 21:29:29'),(9,'adde500631ab27e56a1cf356ef7cbdef','image/jpeg',57971,9,'2021-12-11 21:31:38','2021-12-11 21:31:38'),(10,'1c3d4648ff45d7660601dfeebc5717e5','image/jpeg',126243,10,'2021-12-11 21:33:39','2021-12-11 21:33:39'),(11,'fe50260fdb8928ef10b93b73b0bc20ac','image/jpeg',19614,12,'2021-12-11 21:37:34','2021-12-11 21:37:34'),(12,'40afb17e62d9b461f5d5f5db05f81f4a','image/jpeg',336189,13,'2021-12-11 21:39:27','2021-12-11 21:39:27'),(13,'0151b3445367053465db4a89931cad57','image/jpeg',8445,14,'2021-12-11 21:54:09','2021-12-11 21:54:09'),(14,'c0265995f923f70ab8cf78ee8e0c5923','image/jpeg',651055,15,'2021-12-11 21:55:52','2021-12-11 21:55:52'),(15,'32ed55ab4b35ea3ca99b8196cb4d0e4a','image/jpeg',191381,17,'2021-12-11 21:58:36','2021-12-11 21:58:36'),(16,'6ed5bc7ef9376a7b7dcedc9fe1653b02','image/jpeg',152937,20,'2021-12-11 22:04:57','2021-12-11 22:04:57'),(17,'fa8bd25026a6ad594a71f4c1ea525180','image/jpeg',8122,21,'2021-12-11 22:08:49','2021-12-11 22:08:49'),(18,'9d4c4b74d60bc94a7b169ef483eb1f97','image/jpeg',27258,22,'2021-12-11 22:10:23','2021-12-11 22:10:23'),(19,'68f8d842f4f49ccd75a9c13605ab6700','image/jpeg',40055,23,'2021-12-11 22:14:31','2021-12-11 22:14:31'),(20,'f1a22d9bd8c7fae95467eb9f1db55982','image/jpeg',25751,24,'2021-12-11 22:16:06','2021-12-11 22:16:06'),(21,'059a3772bd1fe06c1850bcd328fdbc60','image/jpeg',27378,25,'2021-12-11 22:17:54','2021-12-11 22:17:54'),(22,'75e09ce48ec82d8596fa76bbf8f06c31','image/jpeg',22169,26,'2021-12-11 22:19:25','2021-12-11 22:19:25'),(23,'2a32a58f4d6848a8e45316332a4272e4','image/jpeg',29749,28,'2021-12-11 22:28:00','2021-12-11 22:28:00'),(24,'e09795d89a9d4e2f8e2d6fd04ede555d','image/jpeg',524666,31,'2021-12-11 22:33:09','2021-12-11 22:33:09'),(25,'c1f4abc022a4c99753f2f7ac01f020a2','image/jpeg',41239,32,'2021-12-11 22:35:20','2021-12-11 22:35:20'),(26,'08453a21b74c3eb40964ddad9540366a','image/jpeg',19888,33,'2021-12-11 22:39:26','2021-12-11 22:39:26'),(27,'07e026af76bb555234c0710d9686d507','image/jpeg',19707,34,'2021-12-11 22:42:09','2021-12-11 22:42:09'),(28,'96fa791fed3d25b383e59052ae899bab','image/jpeg',9176,35,'2021-12-11 22:47:21','2021-12-11 22:47:21'),(29,'9c2a4453c2bac572aa848c91669b020e','image/jpeg',19515,37,'2021-12-11 22:49:52','2021-12-11 22:49:52'),(30,'3281b8d9cc219f57fc794ec327e80ae5','image/jpeg',72646,39,'2021-12-11 22:55:44','2021-12-11 22:55:44'),(31,'88e57906b5f6e31fc4a039766db41aba','image/jpeg',93535,43,'2021-12-11 22:59:50','2021-12-11 22:59:50'),(32,'9aade18f55fc5ea2975d4a1360773266','image/jpeg',190201,47,'2021-12-11 23:03:13','2021-12-11 23:03:13'),(33,'9dc39e349a0e4375547ac03dea642e72','image/jpeg',41999,49,'2021-12-11 23:07:13','2021-12-11 23:07:13'),(34,'b1d91f9c5a1da8e0923de31bb928c135','image/jpeg',45831,50,'2021-12-11 23:12:40','2021-12-11 23:12:40'),(35,'673d88ab163eb431ebab175de23e2758','image/jpeg',5732,51,'2021-12-11 23:14:42','2021-12-11 23:14:42'),(36,'ceecf0af38ed0c77c27deae1f72cb1d0','image/jpeg',34084,52,'2021-12-11 23:19:08','2021-12-11 23:19:08'),(37,'25c2d80eaf990918f9f4d0fa62e343da','image/jpeg',5243,53,'2021-12-11 23:22:10','2021-12-11 23:22:10'),(38,'d3517b3458dc5b027f6ed305a60905cb','image/jpeg',46168,55,'2021-12-11 23:25:00','2021-12-11 23:25:00'),(39,'df25365d332c9f3cdcc10fa5054d3b11','image/jpeg',103698,56,'2021-12-11 23:26:53','2021-12-11 23:26:53'),(40,'cb66c2af22f5cb26b95ac809d0993349','image/jpeg',108996,57,'2021-12-11 23:28:37','2021-12-11 23:28:37'),(41,'098b7144c14fe1c672af7d8a769a397c','image/jpeg',55107,58,'2021-12-11 23:29:47','2021-12-11 23:29:47'),(42,'85f1b61646e4266851e0a58781177c5f','image/jpeg',61816,59,'2021-12-11 23:32:54','2021-12-11 23:32:54'),(43,'12a9c18735ba0a9a2539fc77babc7006','image/jpeg',34497,60,'2021-12-11 23:37:52','2021-12-11 23:37:52'),(44,'119775f6a0e0f660abf0e68dfa6331c5','image/jpeg',36200,61,'2021-12-11 23:39:18','2021-12-11 23:39:18'),(45,'af12638642deee8fe69a47eec2ab4a01','image/jpeg',118592,63,'2021-12-11 23:44:22','2021-12-11 23:44:22'),(46,'382ad8a503370a94462065085e26e209','image/jpeg',103449,64,'2021-12-11 23:45:59','2021-12-11 23:45:59'),(47,'5d2e705eaf08e96d994bccc7e29e3cb3','image/jpeg',117012,66,'2021-12-11 23:49:32','2021-12-11 23:49:32'),(48,'e3f5aa618d1118397b219b435ccfd217','image/jpeg',26665,67,'2021-12-11 23:52:20','2021-12-11 23:52:20'),(49,'dea3f7f45d5fefbd87aef935d646aa5b','image/jpeg',68163,68,'2021-12-11 23:54:41','2021-12-11 23:54:41'),(50,'983bc73fdecd7baa559314c151a37dc6','image/jpeg',9060,69,'2021-12-12 13:50:42','2021-12-12 13:50:42'),(51,'10b809cee7615b7e83d1f8bd65fe3076','image/jpeg',5352,70,'2021-12-12 13:54:52','2021-12-12 13:54:52'),(52,'02a2bbc42bf7517231120b89ad034d00','image/jpeg',77245,71,'2021-12-12 13:56:24','2021-12-12 13:56:24'),(53,'22713211224bcfbdef77f121d9e4c4c6','image/jpeg',38634,72,'2021-12-12 13:58:02','2021-12-12 13:58:02'),(54,'a55e30371c460698f368fcc1ae57d37f','image/jpeg',159095,73,'2021-12-12 13:59:43','2021-12-12 13:59:43'),(55,'00a02e9f82195ebd8f5dc286d0b7d041','image/jpeg',53586,74,'2021-12-12 14:01:14','2021-12-12 14:01:14'),(56,'1476cbc16813683b2b484fbbe3035108','image/jpeg',471948,75,'2021-12-12 14:02:39','2021-12-12 14:02:39'),(57,'46ab5051130d2f8868842d7cc4b4b0fd','image/jpeg',69915,76,'2021-12-12 14:04:23','2021-12-12 14:04:23'),(58,'307e698278032e2ed9a4eebd47d5805c','image/jpeg',123961,77,'2021-12-12 14:05:51','2021-12-12 14:05:51'),(59,'ce37b3113a252606809c62ea0ca6f75a','image/jpeg',18586,78,'2021-12-12 14:08:26','2021-12-12 14:08:26'),(60,'a2296405a78cc872b5954dcb01dc3bd8','image/jpeg',40404,79,'2021-12-12 14:10:33','2021-12-12 14:10:33'),(61,'2bb291cd1dced37eb5c495356d267d0f','image/jpeg',59562,81,'2021-12-12 14:13:05','2021-12-12 14:13:05'),(62,'41348760e78741bbec8a9bbc558dae5c','image/jpeg',137404,82,'2021-12-12 14:14:43','2021-12-12 14:14:43'),(63,'dd09f2d492563f1e676769c087ba245b','image/jpeg',74538,83,'2021-12-12 14:15:42','2021-12-12 14:15:42'),(64,'63a290794c73dd85b667467dab93a0de','image/jpeg',18317,84,'2021-12-12 14:16:51','2021-12-12 14:16:51'),(65,'b60d71cf6a8ffd3628a6ae360370217a','image/jpeg',18079,86,'2021-12-12 14:19:16','2021-12-12 14:19:16'),(66,'8221b032838d8fc7abc2ab47da320d9b','image/jpeg',10434,87,'2021-12-12 14:20:40','2021-12-12 14:20:40'),(67,'ee201a99f9da05219157935a9a6cf3ea','image/jpeg',74492,90,'2021-12-12 14:24:00','2021-12-12 14:24:00'),(68,'bd3a8e03c03e6d0ab50a83e1f980832d','image/jpeg',147617,62,'2021-12-12 14:27:12','2021-12-12 14:27:12');

/*Table structure for table `user_focus_user` */

DROP TABLE IF EXISTS `user_focus_user`;

CREATE TABLE `user_focus_user` (
  `user_by_id` int(11) NOT NULL,
  `user_to_id` int(11) NOT NULL,
  `createAt` timestamp NOT NULL DEFAULT CURRENT_TIMESTAMP,
  `updateAt` timestamp NOT NULL DEFAULT CURRENT_TIMESTAMP ON UPDATE CURRENT_TIMESTAMP,
  PRIMARY KEY (`user_by_id`,`user_to_id`),
  KEY `user_to_id` (`user_to_id`),
  CONSTRAINT `user_focus_user_ibfk_1` FOREIGN KEY (`user_by_id`) REFERENCES `user` (`id`) ON DELETE CASCADE ON UPDATE CASCADE,
  CONSTRAINT `user_focus_user_ibfk_2` FOREIGN KEY (`user_to_id`) REFERENCES `user` (`id`) ON DELETE CASCADE ON UPDATE CASCADE
) ENGINE=InnoDB DEFAULT CHARSET=utf8mb4 COLLATE=utf8mb4_0900_ai_ci;

/*Data for the table `user_focus_user` */

insert  into `user_focus_user`(`user_by_id`,`user_to_id`,`createAt`,`updateAt`) values (5,1,'2021-12-12 16:50:51','2021-12-12 16:50:51'),(5,6,'2021-12-18 14:11:04','2021-12-18 14:11:04'),(16,2,'2021-12-12 21:02:44','2021-12-12 21:02:44'),(32,31,'2021-12-12 21:59:57','2021-12-12 21:59:57');

/*Table structure for table `user_record_tieba` */

DROP TABLE IF EXISTS `user_record_tieba`;

CREATE TABLE `user_record_tieba` (
  `tieba_id` int(11) NOT NULL,
  `user_id` int(11) NOT NULL,
  `createAt` timestamp NOT NULL DEFAULT CURRENT_TIMESTAMP,
  `updateAt` timestamp NOT NULL DEFAULT CURRENT_TIMESTAMP ON UPDATE CURRENT_TIMESTAMP,
  PRIMARY KEY (`tieba_id`,`user_id`),
  KEY `user_id` (`user_id`),
  CONSTRAINT `user_record_tieba_ibfk_1` FOREIGN KEY (`tieba_id`) REFERENCES `tieba` (`id`) ON DELETE CASCADE ON UPDATE CASCADE,
  CONSTRAINT `user_record_tieba_ibfk_2` FOREIGN KEY (`user_id`) REFERENCES `user` (`id`) ON DELETE CASCADE ON UPDATE CASCADE
) ENGINE=InnoDB DEFAULT CHARSET=utf8mb4 COLLATE=utf8mb4_0900_ai_ci;

/*Data for the table `user_record_tieba` */

insert  into `user_record_tieba`(`tieba_id`,`user_id`,`createAt`,`updateAt`) values (1,1,'2021-12-12 15:33:05','2021-12-12 15:33:05'),(1,5,'2021-12-12 16:52:01','2021-12-12 16:52:01'),(1,46,'2021-12-12 22:02:19','2021-12-12 22:02:19'),(1,49,'2021-12-21 21:43:11','2021-12-21 21:43:11'),(2,5,'2021-12-18 14:07:46','2021-12-18 14:07:46'),(2,13,'2021-12-13 17:03:55','2021-12-13 17:03:55'),(2,15,'2021-12-13 17:02:54','2021-12-13 17:02:54'),(2,19,'2021-12-13 17:00:56','2021-12-13 17:00:56'),(2,27,'2021-12-13 17:10:37','2021-12-13 17:10:37'),(2,32,'2021-12-12 22:00:01','2021-12-12 22:00:01'),(2,35,'2021-12-13 17:04:39','2021-12-13 17:04:39'),(2,38,'2021-12-13 17:05:07','2021-12-13 17:05:07'),(2,41,'2021-12-13 17:06:21','2021-12-13 17:06:21'),(2,42,'2021-12-13 17:14:58','2021-12-13 17:14:58'),(2,49,'2021-12-21 21:43:56','2021-12-21 21:43:56'),(2,62,'2021-12-13 17:13:18','2021-12-13 17:13:18'),(2,65,'2021-12-13 17:11:58','2021-12-13 17:11:58'),(3,6,'2021-12-13 16:23:35','2021-12-13 16:23:35'),(3,12,'2021-12-13 16:35:25','2021-12-13 16:35:25'),(3,16,'2021-12-13 14:44:49','2021-12-13 14:44:49'),(3,17,'2021-12-13 14:44:02','2021-12-13 14:44:02'),(3,30,'2021-12-13 14:42:08','2021-12-13 14:42:08'),(3,32,'2021-12-13 14:41:13','2021-12-13 14:41:13'),(3,33,'2021-12-13 15:56:02','2021-12-13 15:56:02'),(3,34,'2021-12-13 15:45:45','2021-12-13 15:45:45'),(3,36,'2021-12-13 15:47:55','2021-12-13 15:47:55'),(3,49,'2021-12-13 15:43:44','2021-12-13 15:43:44'),(3,52,'2021-12-13 15:32:33','2021-12-13 15:32:33'),(3,56,'2021-12-13 17:50:26','2021-12-13 17:50:26'),(3,60,'2021-12-13 15:58:05','2021-12-13 15:58:05'),(3,73,'2021-12-13 15:38:41','2021-12-13 15:38:41'),(3,74,'2021-12-13 15:44:36','2021-12-13 15:44:36'),(3,77,'2021-12-13 15:42:35','2021-12-13 15:42:35'),(3,78,'2021-12-13 16:02:25','2021-12-13 16:02:25'),(3,80,'2021-12-13 15:39:31','2021-12-13 15:39:31'),(3,83,'2021-12-13 16:03:07','2021-12-13 16:03:07'),(3,84,'2021-12-13 15:40:40','2021-12-13 15:40:40'),(3,88,'2021-12-13 16:03:57','2021-12-13 16:03:57'),(4,5,'2021-12-18 14:06:03','2021-12-18 14:06:03'),(4,8,'2021-12-12 17:20:50','2021-12-12 17:20:50'),(4,16,'2021-12-12 21:02:33','2021-12-12 21:02:33'),(4,18,'2021-12-12 21:07:02','2021-12-12 21:07:02'),(4,20,'2021-12-13 16:12:16','2021-12-13 16:12:16'),(4,21,'2021-12-12 22:26:18','2021-12-12 22:26:18'),(4,22,'2021-12-12 21:34:12','2021-12-12 21:34:12'),(4,25,'2021-12-12 21:17:56','2021-12-12 21:17:56'),(4,26,'2021-12-12 21:08:45','2021-12-12 21:08:45'),(4,27,'2021-12-12 21:07:39','2021-12-12 21:07:39'),(4,29,'2021-12-12 22:31:25','2021-12-12 22:31:25'),(4,31,'2021-12-12 21:58:44','2021-12-12 21:58:44'),(4,32,'2021-12-12 22:00:17','2021-12-12 22:00:17'),(4,33,'2021-12-12 20:33:11','2021-12-12 20:33:11'),(4,34,'2021-12-12 22:29:31','2021-12-12 22:29:31'),(4,35,'2021-12-12 21:40:04','2021-12-12 21:40:04'),(4,39,'2021-12-12 22:27:35','2021-12-12 22:27:35'),(4,46,'2021-12-12 22:01:44','2021-12-12 22:01:44'),(4,58,'2021-12-12 21:34:49','2021-12-12 21:34:49'),(4,59,'2021-12-12 21:37:44','2021-12-12 21:37:44'),(4,66,'2021-12-12 21:50:58','2021-12-12 21:50:58'),(4,69,'2021-12-12 22:18:55','2021-12-12 22:18:55'),(4,71,'2021-12-13 22:27:18','2021-12-13 22:27:18'),(4,73,'2021-12-12 22:05:25','2021-12-12 22:05:25'),(4,75,'2021-12-12 21:38:05','2021-12-12 21:38:05'),(4,79,'2021-12-12 21:55:47','2021-12-12 21:55:47'),(4,81,'2021-12-12 22:13:47','2021-12-12 22:13:47'),(4,85,'2021-12-12 22:13:16','2021-12-12 22:13:16'),(4,88,'2021-12-12 22:16:35','2021-12-12 22:16:35'),(4,89,'2021-12-12 22:11:33','2021-12-12 22:11:33'),(5,21,'2021-12-12 17:10:27','2021-12-12 17:10:27'),(5,25,'2021-12-12 21:13:30','2021-12-12 21:13:30'),(5,33,'2021-12-12 20:54:31','2021-12-12 20:54:31'),(5,37,'2021-12-12 20:47:40','2021-12-12 20:47:40'),(6,4,'2021-12-13 16:09:23','2021-12-13 16:09:23'),(6,8,'2021-12-12 17:15:48','2021-12-12 17:15:48'),(6,22,'2021-12-13 16:15:00','2021-12-13 16:15:00'),(6,31,'2021-12-13 16:17:09','2021-12-13 16:17:09'),(6,49,'2021-12-21 21:44:40','2021-12-21 21:44:40'),(7,5,'2021-12-18 14:11:12','2021-12-18 14:11:12'),(7,6,'2021-12-13 16:21:24','2021-12-13 16:21:24'),(7,7,'2021-12-13 16:20:29','2021-12-13 16:20:29'),(7,8,'2021-12-12 17:19:37','2021-12-12 17:19:37'),(7,12,'2021-12-13 16:34:46','2021-12-13 16:34:46'),(7,13,'2021-12-13 16:27:40','2021-12-13 16:27:40'),(7,15,'2021-12-13 16:26:57','2021-12-13 16:26:57'),(7,31,'2021-12-13 16:19:34','2021-12-13 16:19:34'),(8,31,'2021-12-12 17:23:41','2021-12-12 17:23:41'),(9,5,'2021-12-18 14:09:44','2021-12-18 14:09:44'),(9,26,'2021-12-12 17:30:15','2021-12-12 17:30:15'),(9,67,'2021-12-13 17:40:12','2021-12-13 17:40:12'),(9,78,'2021-12-13 17:32:49','2021-12-13 17:32:49'),(9,79,'2021-12-13 17:35:46','2021-12-13 17:35:46'),(9,84,'2021-12-13 17:34:37','2021-12-13 17:34:37'),(10,37,'2021-12-12 17:33:38','2021-12-12 17:33:38'),(11,64,'2021-12-12 17:37:15','2021-12-12 17:37:15'),(11,89,'2021-12-13 17:57:41','2021-12-13 17:57:41'),(12,7,'2021-12-13 18:58:58','2021-12-13 18:58:58'),(12,17,'2021-12-13 19:01:02','2021-12-13 19:01:02'),(12,68,'2021-12-12 17:42:15','2021-12-12 17:42:15'),(13,50,'2021-12-13 17:17:54','2021-12-13 17:17:54'),(13,61,'2021-12-13 17:16:16','2021-12-13 17:16:16'),(13,63,'2021-12-13 17:19:48','2021-12-13 17:19:48'),(13,69,'2021-12-13 17:18:59','2021-12-13 17:18:59'),(13,74,'2021-12-12 17:44:40','2021-12-12 17:44:40'),(13,76,'2021-12-13 17:20:58','2021-12-13 17:20:58'),(13,90,'2021-12-13 17:25:27','2021-12-13 17:25:27'),(14,77,'2021-12-12 17:49:02','2021-12-12 17:49:02'),(15,84,'2021-12-12 17:54:31','2021-12-12 17:54:31'),(16,78,'2021-12-12 17:56:46','2021-12-12 17:56:46'),(17,12,'2021-12-13 16:34:51','2021-12-13 16:34:51'),(17,53,'2021-12-12 18:00:06','2021-12-12 18:00:06'),(18,70,'2021-12-13 18:01:36','2021-12-13 18:01:36'),(18,71,'2021-12-13 22:26:30','2021-12-13 22:26:30'),(18,77,'2021-12-13 18:03:24','2021-12-13 18:03:24'),(18,82,'2021-12-12 18:03:45','2021-12-12 18:03:45'),(18,89,'2021-12-13 17:58:33','2021-12-13 17:58:33'),(19,30,'2021-12-13 18:35:32','2021-12-13 18:35:32'),(19,51,'2021-12-13 18:30:51','2021-12-13 18:30:51'),(19,57,'2021-12-13 18:25:08','2021-12-13 18:25:08'),(19,63,'2021-12-12 18:10:00','2021-12-12 18:10:00'),(20,63,'2021-12-12 18:14:21','2021-12-12 18:14:21'),(21,32,'2021-12-12 18:20:33','2021-12-12 18:20:33'),(22,24,'2021-12-12 18:23:52','2021-12-12 18:23:52'),(23,36,'2021-12-13 18:14:26','2021-12-13 18:14:26'),(23,48,'2021-12-12 18:28:32','2021-12-12 18:28:32'),(23,49,'2021-12-13 18:13:18','2021-12-13 18:13:18'),(23,59,'2021-12-13 18:21:29','2021-12-13 18:21:29'),(23,60,'2021-12-18 14:16:48','2021-12-18 14:16:48'),(23,64,'2021-12-13 18:23:55','2021-12-13 18:23:55'),(23,70,'2021-12-13 18:11:28','2021-12-13 18:11:28'),(23,72,'2021-12-13 18:10:10','2021-12-13 18:10:10'),(23,83,'2021-12-13 18:09:18','2021-12-13 18:09:18'),(23,86,'2021-12-13 18:17:37','2021-12-13 18:17:37'),(24,7,'2021-12-13 18:56:34','2021-12-13 18:56:34'),(24,10,'2021-12-13 19:03:04','2021-12-13 19:03:04'),(24,54,'2021-12-12 18:35:42','2021-12-12 18:35:42'),(25,85,'2021-12-12 18:40:47','2021-12-12 18:40:47'),(26,85,'2021-12-12 18:45:40','2021-12-12 18:45:40'),(27,39,'2021-12-13 17:44:49','2021-12-13 17:44:49'),(27,54,'2021-12-13 17:43:57','2021-12-13 17:43:57'),(27,56,'2021-12-13 17:50:49','2021-12-13 17:50:49'),(27,57,'2021-12-12 18:49:41','2021-12-12 18:49:41'),(27,58,'2021-12-13 17:43:06','2021-12-13 17:43:06'),(27,59,'2021-12-13 17:52:35','2021-12-13 17:52:35'),(28,5,'2021-12-18 14:09:58','2021-12-18 14:09:58'),(28,57,'2021-12-12 18:53:43','2021-12-12 18:53:43'),(29,71,'2021-12-12 18:58:32','2021-12-12 18:58:32'),(30,71,'2021-12-12 19:17:54','2021-12-12 19:17:54'),(31,5,'2021-12-18 14:10:09','2021-12-18 14:10:09'),(31,26,'2021-12-13 19:07:08','2021-12-13 19:07:08'),(31,46,'2021-12-13 19:10:30','2021-12-13 19:10:30'),(31,75,'2021-12-12 19:20:49','2021-12-12 19:20:49'),(32,12,'2021-12-13 16:39:30','2021-12-13 16:39:30'),(32,14,'2021-12-13 16:40:41','2021-12-13 16:40:41'),(32,90,'2021-12-12 19:36:39','2021-12-12 19:36:39'),(33,5,'2021-12-18 14:07:57','2021-12-18 14:07:57'),(33,8,'2021-12-13 18:48:13','2021-12-13 18:48:13'),(33,11,'2021-12-13 18:36:06','2021-12-13 18:36:06'),(33,12,'2021-12-13 16:34:37','2021-12-13 16:34:37'),(33,13,'2021-12-13 18:39:35','2021-12-13 18:39:35'),(33,90,'2021-12-12 19:41:36','2021-12-12 19:41:36'),(34,12,'2021-12-13 16:34:39','2021-12-13 16:34:39'),(34,44,'2021-12-13 19:15:22','2021-12-13 19:15:22'),(34,47,'2021-12-13 19:15:43','2021-12-13 19:15:43'),(34,62,'2021-12-13 19:22:39','2021-12-13 19:22:39'),(34,66,'2021-12-13 19:30:32','2021-12-13 19:30:32'),(34,72,'2021-12-12 19:46:49','2021-12-12 19:46:49'),(34,82,'2021-12-13 19:31:31','2021-12-13 19:31:31'),(35,71,'2021-12-13 22:27:30','2021-12-13 22:27:30'),(35,72,'2021-12-12 19:59:44','2021-12-12 19:59:44'),(35,74,'2021-12-13 21:51:19','2021-12-13 21:51:19'),(35,85,'2021-12-13 21:50:33','2021-12-13 21:50:33'),(36,4,'2021-12-13 22:29:18','2021-12-13 22:29:18'),(36,5,'2021-12-18 14:08:40','2021-12-18 14:08:40'),(36,8,'2021-12-13 16:55:36','2021-12-13 16:55:36'),(36,14,'2021-12-13 16:44:06','2021-12-13 16:44:06'),(36,18,'2021-12-13 16:56:19','2021-12-13 16:56:19'),(36,23,'2021-12-13 16:50:08','2021-12-13 16:50:08'),(36,41,'2021-12-12 20:01:58','2021-12-12 20:01:58'),(36,71,'2021-12-13 22:27:39','2021-12-13 22:27:39'),(37,4,'2021-12-13 22:39:06','2021-12-13 22:39:06'),(37,20,'2021-12-13 16:12:11','2021-12-13 16:12:11'),(37,31,'2021-12-12 20:06:54','2021-12-12 20:06:54'),(38,38,'2021-12-12 20:10:58','2021-12-12 20:10:58'),(38,81,'2021-12-13 17:31:05','2021-12-13 17:31:05'),(38,90,'2021-12-13 17:30:03','2021-12-13 17:30:03'),(39,38,'2021-12-12 20:14:01','2021-12-12 20:14:01');

/*!40101 SET SQL_MODE=@OLD_SQL_MODE */;
/*!40014 SET FOREIGN_KEY_CHECKS=@OLD_FOREIGN_KEY_CHECKS */;
/*!40014 SET UNIQUE_CHECKS=@OLD_UNIQUE_CHECKS */;
/*!40111 SET SQL_NOTES=@OLD_SQL_NOTES */;
